貯金,信用履歴,年齢,家族構成,仕事,審査結果
5000000,クレジットローン履歴無し / 全てのクレジットローンは延滞無く完済,22,配偶者あり,パート,発行可
100000,ローンの残があるが現状遅延なく支払われている ,22,配偶者あり,社員,発行可
4000000,ローンの残があるが現状遅延なく支払われている ,22,配偶者あり,社員,発行不可
4000000,ローンの残があるが現状遅延なく支払われている ,22,配偶者あり,管理者/役員,発行不可
500000,ローンの残があるが現状遅延なく支払われている ,22,配偶者あり,パート,発行不可
4000000,ローンの残があるが現状遅延なく支払われている ,22,配偶者あり,パート,発行不可
100000,過去に遅延あり,22,配偶者あり,パート,発行可
100000,危険人物 / 他のクレジットローンが存在している (この銀行以外で),22,配偶者あり,社員,発行不可
900000,危険人物 / 他のクレジットローンが存在している (この銀行以外で),22,配偶者あり,管理者/役員,発行不可
1000000,この銀行のクレジットローンは全て完済,23,配偶者あり,管理者/役員,発行可
100000,ローンの残があるが現状遅延なく支払われている ,23,配偶者あり,社員,発行可
3000000,ローンの残があるが現状遅延なく支払われている ,23,配偶者あり,社員,発行可
8000000,ローンの残があるが現状遅延なく支払われている ,23,配偶者あり,社員,発行可
4000000,過去に遅延あり,23,配偶者あり,管理者/役員,発行不可
0,危険人物 / 他のクレジットローンが存在している (この銀行以外で),23,配偶者あり,社員,発行不可
500000,危険人物 / 他のクレジットローンが存在している (この銀行以外で),23,配偶者あり,管理者/役員,発行不可
1000000,クレジットローン履歴無し / 全てのクレジットローンは延滞無く完済,24,配偶者あり,社員,発行可
5000000,クレジットローン履歴無し / 全てのクレジットローンは延滞無く完済,24,配偶者あり,社員,発行可
1000000,この銀行のクレジットローンは全て完済,24,配偶者あり,社員,発行可
3000000,ローンの残があるが現状遅延なく支払われている ,24,配偶者あり,社員,発行可
8000000,ローンの残があるが現状遅延なく支払われている ,24,配偶者あり,社員,発行可
500000,ローンの残があるが現状遅延なく支払われている ,24,配偶者あり,パート,発行不可
900000,ローンの残があるが現状遅延なく支払われている ,24,配偶者あり,無職,発行不可
500000,過去に遅延あり,24,配偶者あり,社員,発行不可
3000000,危険人物 / 他のクレジットローンが存在している (この銀行以外で),24,配偶者あり,管理者/役員,発行不可
5000000,クレジットローン履歴無し / 全てのクレジットローンは延滞無く完済,25,配偶者あり,社員,発行可
3000000,この銀行のクレジットローンは全て完済,25,配偶者あり,パート,発行可
0,この銀行のクレジットローンは全て完済,25,配偶者あり,社員,発行不可
4000000,この銀行のクレジットローンは全て完済,25,配偶者あり,社員,発行不可
100000,ローンの残があるが現状遅延なく支払われている ,25,配偶者あり,パート,発行可
3000000,ローンの残があるが現状遅延なく支払われている ,25,配偶者あり,パート,発行可
500000,ローンの残があるが現状遅延なく支払われている ,25,配偶者あり,管理者/役員,発行不可
4000000,ローンの残があるが現状遅延なく支払われている ,25,配偶者あり,社員,発行不可
500000,ローンの残があるが現状遅延なく支払われている ,25,配偶者あり,パート,発行不可
900000,ローンの残があるが現状遅延なく支払われている ,25,配偶者あり,社員,発行不可
500000,過去に遅延あり,25,配偶者あり,パート,発行不可
0,危険人物 / 他のクレジットローンが存在している (この銀行以外で),25,配偶者あり,管理者/役員,発行不可
3000000,危険人物 / 他のクレジットローンが存在している (この銀行以外で),25,配偶者あり,社員,発行不可
4000000,危険人物 / 他のクレジットローンが存在している (この銀行以外で),25,配偶者あり,社員,発行不可
1000000,クレジットローン履歴無し / 全てのクレジットローンは延滞無く完済,26,配偶者あり,パート,発行可
5000000,この銀行のクレジットローンは全て完済,26,配偶者あり,社員,発行可
0,この銀行のクレジットローンは全て完済,26,配偶者あり,パート,発行不可
900000,この銀行のクレジットローンは全て完済,26,配偶者あり,社員,発行不可
3000000,ローンの残があるが現状遅延なく支払われている ,26,配偶者あり,社員,発行可
4000000,ローンの残があるが現状遅延なく支払われている ,26,配偶者あり,社員,発行不可
500000,ローンの残があるが現状遅延なく支払われている ,26,配偶者あり,管理者/役員,発行不可
500000,ローンの残があるが現状遅延なく支払われている ,26,配偶者あり,社員,発行不可
8000000,ローンの残があるが現状遅延なく支払われている ,26,配偶者あり,社員,発行不可
4000000,ローンの残があるが現状遅延なく支払われている ,26,配偶者あり,管理者/役員,発行不可
500000,過去に遅延あり,26,配偶者あり,社員,発行不可
500000,危険人物 / 他のクレジットローンが存在している (この銀行以外で),26,配偶者あり,社員,発行不可
3000000,危険人物 / 他のクレジットローンが存在している (この銀行以外で),26,配偶者あり,社員,発行不可
500000,危険人物 / 他のクレジットローンが存在している (この銀行以外で),26,配偶者あり,社員,発行不可
1000000,クレジットローン履歴無し / 全てのクレジットローンは延滞無く完済,27,配偶者あり,管理者/役員,発行可
100000,ローンの残があるが現状遅延なく支払われている ,27,配偶者あり,管理者/役員,発行可
100000,ローンの残があるが現状遅延なく支払われている ,27,配偶者あり,社員,発行可
8000000,ローンの残があるが現状遅延なく支払われている ,27,配偶者あり,社員,発行可
500000,ローンの残があるが現状遅延なく支払われている ,27,配偶者あり,社員,発行不可
500000,ローンの残があるが現状遅延なく支払われている ,27,配偶者あり,パート,発行不可
4000000,ローンの残があるが現状遅延なく支払われている ,27,配偶者あり,管理者/役員,発行不可
500000,過去に遅延あり,27,配偶者あり,社員,発行不可
1000000,クレジットローン履歴無し / 全てのクレジットローンは延滞無く完済,28,配偶者あり,パート,発行可
5000000,この銀行のクレジットローンは全て完済,28,配偶者あり,社員,発行可
100000,ローンの残があるが現状遅延なく支払われている ,28,配偶者あり,管理者/役員,発行可
8000000,ローンの残があるが現状遅延なく支払われている ,28,配偶者あり,社員,発行可
4000000,ローンの残があるが現状遅延なく支払われている ,28,配偶者あり,社員,発行不可
8000000,ローンの残があるが現状遅延なく支払われている ,28,配偶者あり,社員,発行不可
500000,ローンの残があるが現状遅延なく支払われている ,28,配偶者あり,社員,発行不可
500000,ローンの残があるが現状遅延なく支払われている ,28,配偶者あり,社員,発行不可
4000000,ローンの残があるが現状遅延なく支払われている ,28,配偶者あり,社員,発行不可
4000000,過去に遅延あり,28,配偶者あり,社員,発行不可
3000000,危険人物 / 他のクレジットローンが存在している (この銀行以外で),28,配偶者あり,社員,発行不可
500000,危険人物 / 他のクレジットローンが存在している (この銀行以外で),28,配偶者あり,社員,発行不可
500000,危険人物 / 他のクレジットローンが存在している (この銀行以外で),28,配偶者あり,社員,発行不可
4000000,危険人物 / 他のクレジットローンが存在している (この銀行以外で),28,配偶者あり,社員,発行不可
5000000,クレジットローン履歴無し / 全てのクレジットローンは延滞無く完済,29,配偶者あり,パート,発行可
100000,ローンの残があるが現状遅延なく支払われている ,29,配偶者あり,社員,発行可
3000000,ローンの残があるが現状遅延なく支払われている ,29,配偶者あり,社員,発行可
500000,ローンの残があるが現状遅延なく支払われている ,29,配偶者あり,社員,発行不可
500000,ローンの残があるが現状遅延なく支払われている ,29,配偶者あり,管理者/役員,発行不可
500000,ローンの残があるが現状遅延なく支払われている ,29,配偶者あり,管理者/役員,発行不可
100000,過去に遅延あり,29,配偶者あり,パート,発行可
500000,過去に遅延あり,29,配偶者あり,社員,発行不可
3000000,危険人物 / 他のクレジットローンが存在している (この銀行以外で),29,配偶者あり,管理者/役員,発行不可
5000000,危険人物 / 他のクレジットローンが存在している (この銀行以外で),29,配偶者あり,社員,発行不可
5000000,この銀行のクレジットローンは全て完済,30,配偶者あり,管理者/役員,発行可
5000000,この銀行のクレジットローンは全て完済,30,配偶者あり,社員,発行可
10000000,この銀行のクレジットローンは全て完済,30,配偶者あり,社員,発行可
900000,この銀行のクレジットローンは全て完済,30,配偶者あり,パート,発行不可
15000000,この銀行のクレジットローンは全て完済,30,配偶者あり,社員,発行可
100000,ローンの残があるが現状遅延なく支払われている ,30,配偶者あり,社員,発行可
8000000,ローンの残があるが現状遅延なく支払われている ,30,配偶者あり,社員,発行可
500000,ローンの残があるが現状遅延なく支払われている ,30,配偶者あり,管理者/役員,発行不可
4000000,ローンの残があるが現状遅延なく支払われている ,30,配偶者あり,無職,発行不可
500000,ローンの残があるが現状遅延なく支払われている ,30,配偶者あり,管理者/役員,発行不可
500000,ローンの残があるが現状遅延なく支払われている ,30,配偶者あり,社員,発行不可
100000,過去に遅延あり,30,配偶者あり,管理者/役員,発行可
500000,危険人物 / 他のクレジットローンが存在している (この銀行以外で),30,配偶者あり,社員,発行不可
900000,危険人物 / 他のクレジットローンが存在している (この銀行以外で),30,配偶者あり,社員,発行不可
5000000,この銀行のクレジットローンは全て完済,31,配偶者あり,管理者/役員,発行可
10000000,この銀行のクレジットローンは全て完済,31,配偶者あり,社員,発行可
900000,この銀行のクレジットローンは全て完済,31,配偶者あり,社員,発行不可
100000,ローンの残があるが現状遅延なく支払われている ,31,配偶者あり,社員,発行可
3000000,ローンの残があるが現状遅延なく支払われている ,31,配偶者あり,社員,発行可
0,ローンの残があるが現状遅延なく支払われている ,31,配偶者あり,パート,発行不可
500000,ローンの残があるが現状遅延なく支払われている ,31,配偶者あり,社員,発行不可
4000000,ローンの残があるが現状遅延なく支払われている ,31,配偶者あり,パート,発行不可
500000,ローンの残があるが現状遅延なく支払われている ,31,配偶者あり,社員,発行不可
900000,ローンの残があるが現状遅延なく支払われている ,31,配偶者あり,パート,発行不可
100000,過去に遅延あり,31,配偶者あり,社員,発行可
500000,過去に遅延あり,31,配偶者あり,社員,発行不可
100000,危険人物 / 他のクレジットローンが存在している (この銀行以外で),31,配偶者あり,社員,発行不可
500000,危険人物 / 他のクレジットローンが存在している (この銀行以外で),31,配偶者あり,社員,発行不可
8000000,危険人物 / 他のクレジットローンが存在している (この銀行以外で),31,配偶者あり,社員,発行不可
1000000,クレジットローン履歴無し / 全てのクレジットローンは延滞無く完済,32,配偶者あり,管理者/役員,発行可
5000000,この銀行のクレジットローンは全て完済,32,配偶者あり,パート,発行可
5000000,この銀行のクレジットローンは全て完済,32,配偶者あり,社員,発行可
900000,この銀行のクレジットローンは全て完済,32,配偶者あり,社員,発行不可
100000,ローンの残があるが現状遅延なく支払われている ,32,配偶者あり,社員,発行可
3000000,ローンの残があるが現状遅延なく支払われている ,32,配偶者あり,パート,発行可
8000000,ローンの残があるが現状遅延なく支払われている ,32,配偶者あり,パート,発行可
500000,ローンの残があるが現状遅延なく支払われている ,32,配偶者あり,管理者/役員,発行不可
500000,ローンの残があるが現状遅延なく支払われている ,32,配偶者あり,社員,発行不可
500000,ローンの残があるが現状遅延なく支払われている ,32,配偶者あり,社員,発行不可
4000000,ローンの残があるが現状遅延なく支払われている ,32,配偶者あり,社員,発行不可
100000,過去に遅延あり,32,配偶者あり,管理者/役員,発行可
500000,過去に遅延あり,32,配偶者あり,社員,発行不可
3000000,危険人物 / 他のクレジットローンが存在している (この銀行以外で),32,配偶者あり,パート,発行不可
500000,危険人物 / 他のクレジットローンが存在している (この銀行以外で),32,配偶者あり,社員,発行不可
1000000,クレジットローン履歴無し / 全てのクレジットローンは延滞無く完済,33,配偶者あり,管理者/役員,発行可
12000000,クレジットローン履歴無し / 全てのクレジットローンは延滞無く完済,33,配偶者あり,管理者/役員,発行可
5000000,この銀行のクレジットローンは全て完済,33,配偶者あり,社員,発行可
900000,この銀行のクレジットローンは全て完済,33,配偶者あり,社員,発行不可
15000000,この銀行のクレジットローンは全て完済,33,配偶者あり,パート,発行可
8000000,ローンの残があるが現状遅延なく支払われている ,33,配偶者あり,社員,発行可
8000000,ローンの残があるが現状遅延なく支払われている ,33,配偶者あり,パート,発行不可
500000,ローンの残があるが現状遅延なく支払われている ,33,配偶者あり,社員,発行不可
100000,過去に遅延あり,33,配偶者あり,社員,発行可
4000000,過去に遅延あり,33,配偶者あり,管理者/役員,発行不可
0,危険人物 / 他のクレジットローンが存在している (この銀行以外で),33,配偶者あり,社員,発行不可
3000000,危険人物 / 他のクレジットローンが存在している (この銀行以外で),33,配偶者あり,社員,発行不可
4000000,危険人物 / 他のクレジットローンが存在している (この銀行以外で),33,配偶者あり,社員,発行不可
3000000,クレジットローン履歴無し / 全てのクレジットローンは延滞無く完済,34,配偶者あり,社員,発行可
5000000,この銀行のクレジットローンは全て完済,34,配偶者あり,社員,発行可
0,この銀行のクレジットローンは全て完済,34,配偶者あり,管理者/役員,発行不可
10000000,この銀行のクレジットローンは全て完済,34,配偶者あり,パート,発行可
900000,この銀行のクレジットローンは全て完済,34,配偶者あり,社員,発行不可
15000000,この銀行のクレジットローンは全て完済,34,配偶者あり,社員,発行可
0,ローンの残があるが現状遅延なく支払われている ,34,配偶者あり,社員,発行不可
500000,ローンの残があるが現状遅延なく支払われている ,34,配偶者あり,社員,発行不可
500000,ローンの残があるが現状遅延なく支払われている ,34,配偶者あり,社員,発行不可
4000000,ローンの残があるが現状遅延なく支払われている ,34,配偶者あり,管理者/役員,発行不可
100000,過去に遅延あり,34,配偶者あり,管理者/役員,発行可
3000000,過去に遅延あり,34,配偶者あり,管理者/役員,発行可
4000000,過去に遅延あり,34,配偶者あり,管理者/役員,発行不可
5000000,危険人物 / 他のクレジットローンが存在している (この銀行以外で),34,配偶者あり,社員,発行不可
500000,危険人物 / 他のクレジットローンが存在している (この銀行以外で),34,配偶者あり,社員,発行不可
4000000,危険人物 / 他のクレジットローンが存在している (この銀行以外で),34,配偶者あり,社員,発行不可
500000,危険人物 / 他のクレジットローンが存在している (この銀行以外で),34,配偶者あり,社員,発行不可
8000000,クレジットローン履歴無し / 全てのクレジットローンは延滞無く完済,35,配偶者あり,パート,発行可
8000000,クレジットローン履歴無し / 全てのクレジットローンは延滞無く完済,35,配偶者あり,社員,発行可
12000000,クレジットローン履歴無し / 全てのクレジットローンは延滞無く完済,35,配偶者あり,社員,発行可
5000000,この銀行のクレジットローンは全て完済,35,配偶者あり,パート,発行可
10000000,この銀行のクレジットローンは全て完済,35,配偶者あり,社員,発行可
100000,ローンの残があるが現状遅延なく支払われている ,35,配偶者あり,社員,発行可
5000000,ローンの残があるが現状遅延なく支払われている ,35,配偶者あり,社員,発行可
4000000,ローンの残があるが現状遅延なく支払われている ,35,配偶者あり,社員,発行不可
4000000,ローンの残があるが現状遅延なく支払われている ,35,配偶者あり,社員,発行不可
4000000,ローンの残があるが現状遅延なく支払われている ,35,配偶者あり,社員,発行不可
100000,過去に遅延あり,35,配偶者あり,パート,発行可
3000000,過去に遅延あり,35,配偶者あり,パート,発行可
8000000,過去に遅延あり,35,配偶者あり,管理者/役員,発行不可
3000000,危険人物 / 他のクレジットローンが存在している (この銀行以外で),35,配偶者あり,社員,発行不可
500000,危険人物 / 他のクレジットローンが存在している (この銀行以外で),35,配偶者あり,社員,発行不可
8000000,クレジットローン履歴無し / 全てのクレジットローンは延滞無く完済,36,配偶者あり,パート,発行可
12000000,クレジットローン履歴無し / 全てのクレジットローンは延滞無く完済,36,配偶者あり,社員,発行可
3000000,この銀行のクレジットローンは全て完済,36,配偶者あり,社員,発行可
5000000,この銀行のクレジットローンは全て完済,36,配偶者あり,社員,発行可
10000000,この銀行のクレジットローンは全て完済,36,配偶者あり,パート,発行可
15000000,この銀行のクレジットローンは全て完済,36,配偶者あり,社員,発行可
100000,ローンの残があるが現状遅延なく支払われている ,36,配偶者あり,社員,発行可
500000,ローンの残があるが現状遅延なく支払われている ,36,配偶者あり,管理者/役員,発行不可
4000000,ローンの残があるが現状遅延なく支払われている ,36,配偶者あり,社員,発行不可
500000,ローンの残があるが現状遅延なく支払われている ,36,配偶者あり,社員,発行不可
4000000,ローンの残があるが現状遅延なく支払われている ,36,配偶者あり,社員,発行不可
900000,ローンの残があるが現状遅延なく支払われている ,36,配偶者あり,パート,発行不可
100000,過去に遅延あり,36,配偶者あり,管理者/役員,発行可
3000000,過去に遅延あり,36,配偶者あり,社員,発行可
3000000,危険人物 / 他のクレジットローンが存在している (この銀行以外で),36,配偶者あり,パート,発行不可
4000000,危険人物 / 他のクレジットローンが存在している (この銀行以外で),36,配偶者あり,パート,発行不可
12000000,クレジットローン履歴無し / 全てのクレジットローンは延滞無く完済,37,配偶者あり,社員,発行可
1000000,この銀行のクレジットローンは全て完済,37,配偶者あり,社員,発行可
5000000,この銀行のクレジットローンは全て完済,37,配偶者あり,社員,発行可
10000000,この銀行のクレジットローンは全て完済,37,配偶者あり,パート,発行可
900000,この銀行のクレジットローンは全て完済,37,配偶者あり,管理者/役員,発行不可
5000000,ローンの残があるが現状遅延なく支払われている ,37,配偶者あり,社員,発行可
4000000,ローンの残があるが現状遅延なく支払われている ,37,配偶者あり,社員,発行不可
4000000,ローンの残があるが現状遅延なく支払われている ,37,配偶者あり,社員,発行不可
500000,ローンの残があるが現状遅延なく支払われている ,37,配偶者あり,社員,発行不可
500000,ローンの残があるが現状遅延なく支払われている ,37,配偶者あり,社員,発行不可
4000000,ローンの残があるが現状遅延なく支払われている ,37,配偶者あり,パート,発行不可
100000,過去に遅延あり,37,配偶者あり,社員,発行可
3000000,過去に遅延あり,37,配偶者あり,社員,発行可
500000,過去に遅延あり,37,配偶者あり,管理者/役員,発行不可
100000,危険人物 / 他のクレジットローンが存在している (この銀行以外で),37,配偶者あり,パート,発行不可
500000,危険人物 / 他のクレジットローンが存在している (この銀行以外で),37,配偶者あり,社員,発行不可
4000000,危険人物 / 他のクレジットローンが存在している (この銀行以外で),37,配偶者あり,パート,発行不可
1000000,クレジットローン履歴無し / 全てのクレジットローンは延滞無く完済,38,配偶者あり,社員,発行可
4000000,クレジットローン履歴無し / 全てのクレジットローンは延滞無く完済,38,配偶者あり,社員,発行可
12000000,クレジットローン履歴無し / 全てのクレジットローンは延滞無く完済,38,配偶者あり,管理者/役員,発行可
3000000,ローンの残があるが現状遅延なく支払われている ,38,配偶者あり,社員,発行可
5000000,ローンの残があるが現状遅延なく支払われている ,38,配偶者あり,パート,発行可
8000000,ローンの残があるが現状遅延なく支払われている ,38,配偶者あり,社員,発行可
8000000,ローンの残があるが現状遅延なく支払われている ,38,配偶者あり,管理者/役員,発行可
500000,ローンの残があるが現状遅延なく支払われている ,38,配偶者あり,パート,発行不可
500000,ローンの残があるが現状遅延なく支払われている ,38,配偶者あり,社員,発行不可
900000,ローンの残があるが現状遅延なく支払われている ,38,配偶者あり,社員,発行不可
100000,過去に遅延あり,38,配偶者あり,社員,発行可
500000,過去に遅延あり,38,配偶者あり,社員,発行不可
100000,危険人物 / 他のクレジットローンが存在している (この銀行以外で),38,配偶者あり,社員,発行不可
500000,危険人物 / 他のクレジットローンが存在している (この銀行以外で),38,配偶者あり,社員,発行不可
500000,危険人物 / 他のクレジットローンが存在している (この銀行以外で),38,配偶者あり,社員,発行不可
4000000,危険人物 / 他のクレジットローンが存在している (この銀行以外で),38,配偶者あり,社員,発行不可
500000,この銀行のクレジットローンは全て完済,39,配偶者あり,パート,発行不可
900000,この銀行のクレジットローンは全て完済,39,配偶者あり,パート,発行不可
3000000,ローンの残があるが現状遅延なく支払われている ,39,配偶者あり,社員,発行可
5000000,ローンの残があるが現状遅延なく支払われている ,39,配偶者あり,社員,発行可
8000000,ローンの残があるが現状遅延なく支払われている ,39,配偶者あり,社員,発行可
4000000,ローンの残があるが現状遅延なく支払われている ,39,配偶者あり,管理者/役員,発行不可
500000,ローンの残があるが現状遅延なく支払われている ,39,配偶者あり,社員,発行不可
900000,ローンの残があるが現状遅延なく支払われている ,39,配偶者あり,社員,発行不可
100000,過去に遅延あり,39,配偶者あり,社員,発行可
100000,危険人物 / 他のクレジットローンが存在している (この銀行以外で),39,配偶者あり,社員,発行不可
500000,危険人物 / 他のクレジットローンが存在している (この銀行以外で),39,配偶者あり,社員,発行不可
500000,危険人物 / 他のクレジットローンが存在している (この銀行以外で),39,配偶者あり,社員,発行不可
4000000,クレジットローン履歴無し / 全てのクレジットローンは延滞無く完済,40,配偶者あり,社員,発行可
8000000,クレジットローン履歴無し / 全てのクレジットローンは延滞無く完済,40,配偶者あり,パート,発行可
12000000,クレジットローン履歴無し / 全てのクレジットローンは延滞無く完済,40,配偶者あり,パート,発行可
5000000,この銀行のクレジットローンは全て完済,40,配偶者あり,社員,発行可
500000,この銀行のクレジットローンは全て完済,40,配偶者あり,社員,発行不可
15000000,この銀行のクレジットローンは全て完済,40,配偶者あり,管理者/役員,発行可
5000000,ローンの残があるが現状遅延なく支払われている ,40,配偶者あり,社員,発行不可
0,ローンの残があるが現状遅延なく支払われている ,40,配偶者あり,社員,発行不可
4000000,ローンの残があるが現状遅延なく支払われている ,40,配偶者あり,パート,発行不可
500000,ローンの残があるが現状遅延なく支払われている ,40,配偶者あり,社員,発行不可
10000000,過去に遅延あり,40,配偶者あり,パート,発行可
5000000,過去に遅延あり,40,配偶者あり,管理者/役員,発行不可
0,危険人物 / 他のクレジットローンが存在している (この銀行以外で),40,配偶者あり,社員,発行不可
500000,危険人物 / 他のクレジットローンが存在している (この銀行以外で),40,配偶者あり,社員,発行不可
500000,危険人物 / 他のクレジットローンが存在している (この銀行以外で),40,配偶者あり,パート,発行不可
1000000,クレジットローン履歴無し / 全てのクレジットローンは延滞無く完済,41,配偶者あり,社員,発行可
8000000,クレジットローン履歴無し / 全てのクレジットローンは延滞無く完済,41,配偶者あり,パート,発行可
12000000,クレジットローン履歴無し / 全てのクレジットローンは延滞無く完済,41,配偶者あり,社員,発行可
12000000,クレジットローン履歴無し / 全てのクレジットローンは延滞無く完済,41,配偶者あり,社員,発行可
5000000,この銀行のクレジットローンは全て完済,41,配偶者あり,社員,発行可
500000,この銀行のクレジットローンは全て完済,41,配偶者あり,社員,発行不可
900000,この銀行のクレジットローンは全て完済,41,配偶者あり,社員,発行不可
5000000,ローンの残があるが現状遅延なく支払われている ,41,配偶者あり,社員,発行可
8000000,ローンの残があるが現状遅延なく支払われている ,41,配偶者あり,社員,発行可
8000000,ローンの残があるが現状遅延なく支払われている ,41,配偶者あり,パート,発行可
10000000,ローンの残があるが現状遅延なく支払われている ,41,配偶者あり,社員,発行可
15000000,ローンの残があるが現状遅延なく支払われている ,41,配偶者あり,社員,発行可
100000,過去に遅延あり,41,配偶者あり,管理者/役員,発行可
4000000,過去に遅延あり,41,配偶者あり,管理者/役員,発行不可
100000,危険人物 / 他のクレジットローンが存在している (この銀行以外で),41,配偶者あり,パート,発行不可
5000000,危険人物 / 他のクレジットローンが存在している (この銀行以外で),41,配偶者あり,パート,発行不可
4000000,危険人物 / 他のクレジットローンが存在している (この銀行以外で),41,配偶者あり,パート,発行不可
3000000,クレジットローン履歴無し / 全てのクレジットローンは延滞無く完済,42,配偶者あり,パート,発行可
4000000,クレジットローン履歴無し / 全てのクレジットローンは延滞無く完済,42,配偶者あり,社員,発行可
12000000,クレジットローン履歴無し / 全てのクレジットローンは延滞無く完済,42,配偶者あり,パート,発行可
1000000,この銀行のクレジットローンは全て完済,42,配偶者あり,社員,発行可
3000000,この銀行のクレジットローンは全て完済,42,配偶者あり,社員,発行不可
500000,この銀行のクレジットローンは全て完済,42,配偶者あり,社員,発行不可
900000,この銀行のクレジットローンは全て完済,42,配偶者あり,社員,発行不可
15000000,この銀行のクレジットローンは全て完済,42,配偶者あり,社員,発行可
8000000,ローンの残があるが現状遅延なく支払われている ,42,配偶者あり,社員,発行可
10000000,ローンの残があるが現状遅延なく支払われている ,42,配偶者あり,パート,発行可
10000000,ローンの残があるが現状遅延なく支払われている ,42,配偶者あり,社員,発行可
10000000,ローンの残があるが現状遅延なく支払われている ,42,配偶者あり,パート,発行可
3000000,ローンの残があるが現状遅延なく支払われている ,42,配偶者あり,社員,発行不可
0,ローンの残があるが現状遅延なく支払われている ,42,配偶者あり,社員,発行不可
500000,ローンの残があるが現状遅延なく支払われている ,42,配偶者あり,パート,発行不可
500000,ローンの残があるが現状遅延なく支払われている ,42,配偶者あり,社員,発行不可
500000,ローンの残があるが現状遅延なく支払われている ,42,配偶者あり,管理者/役員,発行不可
900000,ローンの残があるが現状遅延なく支払われている ,42,配偶者あり,パート,発行不可
0,危険人物 / 他のクレジットローンが存在している (この銀行以外で),42,配偶者あり,社員,発行不可
500000,危険人物 / 他のクレジットローンが存在している (この銀行以外で),42,配偶者あり,社員,発行不可
8000000,危険人物 / 他のクレジットローンが存在している (この銀行以外で),42,配偶者あり,管理者/役員,発行不可
3000000,クレジットローン履歴無し / 全てのクレジットローンは延滞無く完済,43,配偶者あり,社員,発行可
12000000,クレジットローン履歴無し / 全てのクレジットローンは延滞無く完済,43,配偶者あり,社員,発行可
12000000,クレジットローン履歴無し / 全てのクレジットローンは延滞無く完済,43,配偶者あり,社員,発行可
0,この銀行のクレジットローンは全て完済,43,配偶者あり,パート,発行不可
500000,この銀行のクレジットローンは全て完済,43,配偶者あり,社員,発行不可
8000000,ローンの残があるが現状遅延なく支払われている ,43,配偶者あり,社員,発行可
10000000,ローンの残があるが現状遅延なく支払われている ,43,配偶者あり,社員,発行可
10000000,ローンの残があるが現状遅延なく支払われている ,43,配偶者あり,社員,発行可
10000000,ローンの残があるが現状遅延なく支払われている ,43,配偶者あり,社員,発行可
0,ローンの残があるが現状遅延なく支払われている ,43,配偶者あり,社員,発行不可
500000,ローンの残があるが現状遅延なく支払われている ,43,配偶者あり,社員,発行不可
500000,ローンの残があるが現状遅延なく支払われている ,43,配偶者あり,パート,発行不可
4000000,ローンの残があるが現状遅延なく支払われている ,43,配偶者あり,社員,発行不可
15000000,ローンの残があるが現状遅延なく支払われている ,43,配偶者あり,社員,発行可
0,危険人物 / 他のクレジットローンが存在している (この銀行以外で),43,配偶者あり,パート,発行不可
0,危険人物 / 他のクレジットローンが存在している (この銀行以外で),43,配偶者あり,社員,発行不可
4000000,クレジットローン履歴無し / 全てのクレジットローンは延滞無く完済,44,配偶者あり,パート,発行可
12000000,クレジットローン履歴無し / 全てのクレジットローンは延滞無く完済,44,配偶者あり,管理者/役員,発行可
1000000,この銀行のクレジットローンは全て完済,44,配偶者あり,社員,発行可
5000000,この銀行のクレジットローンは全て完済,44,配偶者あり,社員,発行可
500000,この銀行のクレジットローンは全て完済,44,配偶者あり,社員,発行不可
8000000,ローンの残があるが現状遅延なく支払われている ,44,配偶者あり,社員,発行可
0,ローンの残があるが現状遅延なく支払われている ,44,配偶者あり,管理者/役員,発行不可
10000000,ローンの残があるが現状遅延なく支払われている ,44,配偶者あり,パート,発行可
500000,ローンの残があるが現状遅延なく支払われている ,44,配偶者あり,社員,発行不可
4000000,ローンの残があるが現状遅延なく支払われている ,44,配偶者あり,社員,発行不可
4000000,ローンの残があるが現状遅延なく支払われている ,44,配偶者あり,管理者/役員,発行不可
15000000,ローンの残があるが現状遅延なく支払われている ,44,配偶者あり,社員,発行可
100000,過去に遅延あり,44,配偶者あり,管理者/役員,発行可
3000000,過去に遅延あり,44,配偶者あり,社員,発行可
100000,危険人物 / 他のクレジットローンが存在している (この銀行以外で),44,配偶者あり,パート,発行不可
0,危険人物 / 他のクレジットローンが存在している (この銀行以外で),44,配偶者あり,社員,発行不可
8000000,危険人物 / 他のクレジットローンが存在している (この銀行以外で),44,配偶者あり,社員,発行不可
4000000,危険人物 / 他のクレジットローンが存在している (この銀行以外で),44,配偶者あり,管理者/役員,発行不可
8000000,クレジットローン履歴無し / 全てのクレジットローンは延滞無く完済,45,配偶者あり,管理者/役員,発行可
12000000,クレジットローン履歴無し / 全てのクレジットローンは延滞無く完済,45,配偶者あり,社員,発行可
3000000,この銀行のクレジットローンは全て完済,45,配偶者あり,管理者/役員,発行可
5000000,この銀行のクレジットローンは全て完済,45,配偶者あり,社員,発行可
10000000,この銀行のクレジットローンは全て完済,45,配偶者あり,社員,発行可
4000000,ローンの残があるが現状遅延なく支払われている ,45,配偶者あり,社員,発行可
8000000,ローンの残があるが現状遅延なく支払われている ,45,配偶者あり,社員,発行可
8000000,ローンの残があるが現状遅延なく支払われている ,45,配偶者あり,管理者/役員,発行可
10000000,ローンの残があるが現状遅延なく支払われている ,45,配偶者あり,社員,発行可
3000000,ローンの残があるが現状遅延なく支払われている ,45,配偶者あり,無職,発行不可
10000000,ローンの残があるが現状遅延なく支払われている ,45,配偶者あり,社員,発行可
0,ローンの残があるが現状遅延なく支払われている ,45,配偶者あり,パート,発行不可
500000,ローンの残があるが現状遅延なく支払われている ,45,配偶者あり,管理者/役員,発行不可
500000,ローンの残があるが現状遅延なく支払われている ,45,配偶者あり,社員,発行不可
500000,危険人物 / 他のクレジットローンが存在している (この銀行以外で),45,配偶者あり,社員,発行不可
500000,危険人物 / 他のクレジットローンが存在している (この銀行以外で),45,配偶者あり,社員,発行不可
4000000,危険人物 / 他のクレジットローンが存在している (この銀行以外で),45,配偶者あり,社員,発行不可
1000000,クレジットローン履歴無し / 全てのクレジットローンは延滞無く完済,46,配偶者あり,管理者/役員,発行可
1000000,クレジットローン履歴無し / 全てのクレジットローンは延滞無く完済,46,配偶者あり,社員,発行可
4000000,クレジットローン履歴無し / 全てのクレジットローンは延滞無く完済,46,配偶者あり,社員,発行可
12000000,クレジットローン履歴無し / 全てのクレジットローンは延滞無く完済,46,配偶者あり,社員,発行可
12000000,クレジットローン履歴無し / 全てのクレジットローンは延滞無く完済,46,配偶者あり,社員,発行可
3000000,この銀行のクレジットローンは全て完済,46,配偶者あり,社員,発行可
5000000,この銀行のクレジットローンは全て完済,46,配偶者あり,管理者/役員,発行可
0,この銀行のクレジットローンは全て完済,46,配偶者あり,社員,発行不可
500000,この銀行のクレジットローンは全て完済,46,配偶者あり,管理者/役員,発行不可
4000000,この銀行のクレジットローンは全て完済,46,配偶者あり,管理者/役員,発行不可
10000000,この銀行のクレジットローンは全て完済,46,配偶者あり,パート,発行可
3000000,ローンの残があるが現状遅延なく支払われている ,46,配偶者あり,パート,発行不可
10000000,ローンの残があるが現状遅延なく支払われている ,46,配偶者あり,管理者/役員,発行可
500000,ローンの残があるが現状遅延なく支払われている ,46,配偶者あり,社員,発行不可
500000,ローンの残があるが現状遅延なく支払われている ,46,配偶者あり,パート,発行不可
500000,危険人物 / 他のクレジットローンが存在している (この銀行以外で),46,配偶者あり,社員,発行不可
500000,危険人物 / 他のクレジットローンが存在している (この銀行以外で),46,配偶者あり,社員,発行不可
1000000,クレジットローン履歴無し / 全てのクレジットローンは延滞無く完済,47,配偶者あり,社員,発行可
12000000,クレジットローン履歴無し / 全てのクレジットローンは延滞無く完済,47,配偶者あり,社員,発行可
15000000,この銀行のクレジットローンは全て完済,47,配偶者あり,社員,発行可
4000000,ローンの残があるが現状遅延なく支払われている ,47,配偶者あり,社員,発行可
5000000,ローンの残があるが現状遅延なく支払われている ,47,配偶者あり,パート,発行可
8000000,ローンの残があるが現状遅延なく支払われている ,47,配偶者あり,パート,発行可
10000000,ローンの残があるが現状遅延なく支払われている ,47,配偶者あり,社員,発行可
10000000,ローンの残があるが現状遅延なく支払われている ,47,配偶者あり,社員,発行可
10000000,ローンの残があるが現状遅延なく支払われている ,47,配偶者あり,社員,発行可
500000,ローンの残があるが現状遅延なく支払われている ,47,配偶者あり,社員,発行不可
500000,ローンの残があるが現状遅延なく支払われている ,47,配偶者あり,管理者/役員,発行不可
4000000,ローンの残があるが現状遅延なく支払われている ,47,配偶者あり,社員,発行不可
900000,ローンの残があるが現状遅延なく支払われている ,47,配偶者あり,パート,発行不可
100000,危険人物 / 他のクレジットローンが存在している (この銀行以外で),47,配偶者あり,管理者/役員,発行不可
5000000,危険人物 / 他のクレジットローンが存在している (この銀行以外で),47,配偶者あり,管理者/役員,発行不可
500000,危険人物 / 他のクレジットローンが存在している (この銀行以外で),47,配偶者あり,管理者/役員,発行不可
1000000,クレジットローン履歴無し / 全てのクレジットローンは延滞無く完済,48,配偶者あり,社員,発行可
8000000,クレジットローン履歴無し / 全てのクレジットローンは延滞無く完済,48,配偶者あり,管理者/役員,発行可
12000000,クレジットローン履歴無し / 全てのクレジットローンは延滞無く完済,48,配偶者あり,社員,発行可
12000000,クレジットローン履歴無し / 全てのクレジットローンは延滞無く完済,48,配偶者あり,社員,発行可
12000000,クレジットローン履歴無し / 全てのクレジットローンは延滞無く完済,48,配偶者あり,パート,発行可
3000000,この銀行のクレジットローンは全て完済,48,配偶者あり,パート,発行可
5000000,この銀行のクレジットローンは全て完済,48,配偶者あり,管理者/役員,発行可
500000,この銀行のクレジットローンは全て完済,48,配偶者あり,パート,発行不可
10000000,この銀行のクレジットローンは全て完済,48,配偶者あり,パート,発行可
5000000,ローンの残があるが現状遅延なく支払われている ,48,配偶者あり,管理者/役員,発行可
10000000,ローンの残があるが現状遅延なく支払われている ,48,配偶者あり,社員,発行可
4000000,ローンの残があるが現状遅延なく支払われている ,48,配偶者あり,社員,発行不可
500000,ローンの残があるが現状遅延なく支払われている ,48,配偶者あり,管理者/役員,発行不可
900000,ローンの残があるが現状遅延なく支払われている ,48,配偶者あり,社員,発行不可
0,過去に遅延あり,48,配偶者あり,管理者/役員,発行不可
100000,危険人物 / 他のクレジットローンが存在している (この銀行以外で),48,配偶者あり,社員,発行不可
3000000,危険人物 / 他のクレジットローンが存在している (この銀行以外で),48,配偶者あり,社員,発行不可
4000000,危険人物 / 他のクレジットローンが存在している (この銀行以外で),48,配偶者あり,社員,発行不可
8000000,クレジットローン履歴無し / 全てのクレジットローンは延滞無く完済,49,配偶者あり,管理者/役員,発行可
10000000,クレジットローン履歴無し / 全てのクレジットローンは延滞無く完済,49,配偶者あり,パート,発行可
12000000,クレジットローン履歴無し / 全てのクレジットローンは延滞無く完済,49,配偶者あり,社員,発行可
5000000,この銀行のクレジットローンは全て完済,49,配偶者あり,パート,発行可
15000000,この銀行のクレジットローンは全て完済,49,配偶者あり,管理者/役員,発行可
4000000,ローンの残があるが現状遅延なく支払われている ,49,配偶者あり,パート,発行可
8000000,ローンの残があるが現状遅延なく支払われている ,49,配偶者あり,パート,発行可
0,ローンの残があるが現状遅延なく支払われている ,49,配偶者あり,管理者/役員,発行不可
10000000,ローンの残があるが現状遅延なく支払われている ,49,配偶者あり,社員,発行可
10000000,ローンの残があるが現状遅延なく支払われている ,49,配偶者あり,社員,発行可
4000000,ローンの残があるが現状遅延なく支払われている ,49,配偶者あり,パート,発行不可
500000,ローンの残があるが現状遅延なく支払われている ,49,配偶者あり,社員,発行不可
15000000,ローンの残があるが現状遅延なく支払われている ,49,配偶者あり,管理者/役員,発行可
0,危険人物 / 他のクレジットローンが存在している (この銀行以外で),49,配偶者あり,社員,発行不可
5000000,危険人物 / 他のクレジットローンが存在している (この銀行以外で),49,配偶者あり,社員,発行不可
500000,危険人物 / 他のクレジットローンが存在している (この銀行以外で),49,配偶者あり,社員,発行不可
4000000,危険人物 / 他のクレジットローンが存在している (この銀行以外で),49,配偶者あり,管理者/役員,発行不可
5000000,クレジットローン履歴無し / 全てのクレジットローンは延滞無く完済,50,配偶者あり,社員,発行可
8000000,クレジットローン履歴無し / 全てのクレジットローンは延滞無く完済,50,配偶者あり,パート,発行可
10000000,クレジットローン履歴無し / 全てのクレジットローンは延滞無く完済,50,配偶者あり,社員,発行可
12000000,クレジットローン履歴無し / 全てのクレジットローンは延滞無く完済,50,配偶者あり,管理者/役員,発行可
1000000,この銀行のクレジットローンは全て完済,50,配偶者あり,社員,発行可
900000,この銀行のクレジットローンは全て完済,50,配偶者あり,社員,発行不可
10000000,この銀行のクレジットローンは全て完済,50,配偶者あり,社員,発行可
10000000,この銀行のクレジットローンは全て完済,50,配偶者あり,社員,発行可
15000000,この銀行のクレジットローンは全て完済,50,配偶者あり,管理者/役員,発行可
3000000,ローンの残があるが現状遅延なく支払われている ,50,配偶者あり,社員,発行不可
3000000,ローンの残があるが現状遅延なく支払われている ,50,配偶者あり,パート,発行不可
0,ローンの残があるが現状遅延なく支払われている ,50,配偶者あり,パート,発行不可
0,ローンの残があるが現状遅延なく支払われている ,50,配偶者あり,管理者/役員,発行不可
3000000,ローンの残があるが現状遅延なく支払われている ,50,配偶者あり,パート,発行不可
4000000,ローンの残があるが現状遅延なく支払われている ,50,配偶者あり,社員,発行不可
8000000,ローンの残があるが現状遅延なく支払われている ,50,配偶者あり,社員,発行不可
900000,ローンの残があるが現状遅延なく支払われている ,50,配偶者あり,社員,発行不可
500000,危険人物 / 他のクレジットローンが存在している (この銀行以外で),50,配偶者あり,社員,発行不可
10000000,クレジットローン履歴無し / 全てのクレジットローンは延滞無く完済,51,配偶者あり,社員,発行可
12000000,クレジットローン履歴無し / 全てのクレジットローンは延滞無く完済,51,配偶者あり,社員,発行可
12000000,クレジットローン履歴無し / 全てのクレジットローンは延滞無く完済,51,配偶者あり,管理者/役員,発行可
3000000,この銀行のクレジットローンは全て完済,51,配偶者あり,社員,発行可
8000000,この銀行のクレジットローンは全て完済,51,配偶者あり,社員,発行可
900000,この銀行のクレジットローンは全て完済,51,配偶者あり,社員,発行不可
15000000,この銀行のクレジットローンは全て完済,51,配偶者あり,社員,発行可
4000000,ローンの残があるが現状遅延なく支払われている ,51,配偶者あり,社員,発行可
8000000,ローンの残があるが現状遅延なく支払われている ,51,配偶者あり,社員,発行可
100000,ローンの残があるが現状遅延なく支払われている ,51,配偶者あり,管理者/役員,発行不可
10000000,ローンの残があるが現状遅延なく支払われている ,51,配偶者あり,パート,発行可
10000000,ローンの残があるが現状遅延なく支払われている ,51,配偶者あり,管理者/役員,発行可
10000000,ローンの残があるが現状遅延なく支払われている ,51,配偶者あり,パート,発行可
10000000,ローンの残があるが現状遅延なく支払われている ,51,配偶者あり,パート,発行可
10000000,ローンの残があるが現状遅延なく支払われている ,51,配偶者あり,社員,発行可
0,ローンの残があるが現状遅延なく支払われている ,51,配偶者あり,社員,発行不可
4000000,ローンの残があるが現状遅延なく支払われている ,51,配偶者あり,パート,発行不可
500000,ローンの残があるが現状遅延なく支払われている ,51,配偶者あり,無職,発行不可
500000,ローンの残があるが現状遅延なく支払われている ,51,配偶者あり,社員,発行不可
500000,ローンの残があるが現状遅延なく支払われている ,51,配偶者あり,社員,発行不可
500000,ローンの残があるが現状遅延なく支払われている ,51,配偶者あり,管理者/役員,発行不可
100000,危険人物 / 他のクレジットローンが存在している (この銀行以外で),51,配偶者あり,社員,発行不可
500000,危険人物 / 他のクレジットローンが存在している (この銀行以外で),51,配偶者あり,管理者/役員,発行不可
10000000,クレジットローン履歴無し / 全てのクレジットローンは延滞無く完済,52,配偶者あり,社員,発行可
1000000,この銀行のクレジットローンは全て完済,52,配偶者あり,社員,発行可
3000000,この銀行のクレジットローンは全て完済,52,配偶者あり,社員,発行可
5000000,この銀行のクレジットローンは全て完済,52,配偶者あり,社員,発行可
8000000,この銀行のクレジットローンは全て完済,52,配偶者あり,パート,発行可
10000000,この銀行のクレジットローンは全て完済,52,配偶者あり,社員,発行可
10000000,この銀行のクレジットローンは全て完済,52,配偶者あり,パート,発行可
15000000,この銀行のクレジットローンは全て完済,52,配偶者あり,管理者/役員,発行可
15000000,この銀行のクレジットローンは全て完済,52,配偶者あり,社員,発行可
5000000,ローンの残があるが現状遅延なく支払われている ,52,配偶者あり,管理者/役員,発行可
10000000,ローンの残があるが現状遅延なく支払われている ,52,配偶者あり,社員,発行可
100000,ローンの残があるが現状遅延なく支払われている ,52,配偶者あり,社員,発行不可
3000000,ローンの残があるが現状遅延なく支払われている ,52,配偶者あり,社員,発行不可
500000,ローンの残があるが現状遅延なく支払われている ,52,配偶者あり,社員,発行不可
500000,ローンの残があるが現状遅延なく支払われている ,52,配偶者あり,社員,発行不可
500000,ローンの残があるが現状遅延なく支払われている ,52,配偶者あり,管理者/役員,発行不可
4000000,ローンの残があるが現状遅延なく支払われている ,52,配偶者あり,無職,発行不可
0,過去に遅延あり,52,配偶者あり,社員,発行不可
100000,危険人物 / 他のクレジットローンが存在している (この銀行以外で),52,配偶者あり,管理者/役員,発行不可
500000,危険人物 / 他のクレジットローンが存在している (この銀行以外で),52,配偶者あり,管理者/役員,発行不可
10000000,クレジットローン履歴無し / 全てのクレジットローンは延滞無く完済,53,配偶者あり,社員,発行可
1000000,この銀行のクレジットローンは全て完済,53,配偶者あり,社員,発行可
3000000,この銀行のクレジットローンは全て完済,53,配偶者あり,社員,発行可
5000000,この銀行のクレジットローンは全て完済,53,配偶者あり,社員,発行可
8000000,この銀行のクレジットローンは全て完済,53,配偶者あり,社員,発行可
15000000,この銀行のクレジットローンは全て完済,53,配偶者あり,社員,発行可
15000000,この銀行のクレジットローンは全て完済,53,配偶者あり,社員,発行可
4000000,ローンの残があるが現状遅延なく支払われている ,53,配偶者あり,パート,発行可
5000000,ローンの残があるが現状遅延なく支払われている ,53,配偶者あり,社員,発行可
8000000,ローンの残があるが現状遅延なく支払われている ,53,配偶者あり,パート,発行可
10000000,ローンの残があるが現状遅延なく支払われている ,53,配偶者あり,パート,発行可
10000000,ローンの残があるが現状遅延なく支払われている ,53,配偶者あり,管理者/役員,発行可
10000000,ローンの残があるが現状遅延なく支払われている ,53,配偶者あり,管理者/役員,発行可
0,ローンの残があるが現状遅延なく支払われている ,53,配偶者あり,パート,発行不可
0,ローンの残があるが現状遅延なく支払われている ,53,配偶者あり,社員,発行不可
8000000,ローンの残があるが現状遅延なく支払われている ,53,配偶者あり,社員,発行不可
4000000,ローンの残があるが現状遅延なく支払われている ,53,配偶者あり,管理者/役員,発行不可
500000,ローンの残があるが現状遅延なく支払われている ,53,配偶者あり,社員,発行不可
4000000,ローンの残があるが現状遅延なく支払われている ,53,配偶者あり,パート,発行不可
0,過去に遅延あり,53,配偶者あり,社員,発行不可
15000000,過去に遅延あり,53,配偶者あり,社員,発行可
4000000,危険人物 / 他のクレジットローンが存在している (この銀行以外で),53,配偶者あり,社員,発行不可
10000000,クレジットローン履歴無し / 全てのクレジットローンは延滞無く完済,54,配偶者あり,社員,発行可
12000000,クレジットローン履歴無し / 全てのクレジットローンは延滞無く完済,54,配偶者あり,社員,発行可
1000000,この銀行のクレジットローンは全て完済,54,配偶者あり,管理者/役員,発行可
3000000,この銀行のクレジットローンは全て完済,54,配偶者あり,パート,発行可
5000000,この銀行のクレジットローンは全て完済,54,配偶者あり,パート,発行可
8000000,この銀行のクレジットローンは全て完済,54,配偶者あり,社員,発行可
15000000,この銀行のクレジットローンは全て完済,54,配偶者あり,社員,発行可
15000000,この銀行のクレジットローンは全て完済,54,配偶者あり,パート,発行可
5000000,ローンの残があるが現状遅延なく支払われている ,54,配偶者あり,社員,発行可
8000000,ローンの残があるが現状遅延なく支払われている ,54,配偶者あり,管理者/役員,発行可
10000000,ローンの残があるが現状遅延なく支払われている ,54,配偶者あり,社員,発行可
10000000,ローンの残があるが現状遅延なく支払われている ,54,配偶者あり,社員,発行可
10000000,ローンの残があるが現状遅延なく支払われている ,54,配偶者あり,社員,発行可
10000000,ローンの残があるが現状遅延なく支払われている ,54,配偶者あり,社員,発行可
8000000,ローンの残があるが現状遅延なく支払われている ,54,配偶者あり,パート,発行不可
0,ローンの残があるが現状遅延なく支払われている ,54,配偶者あり,パート,発行不可
4000000,ローンの残があるが現状遅延なく支払われている ,54,配偶者あり,管理者/役員,発行不可
500000,ローンの残があるが現状遅延なく支払われている ,54,配偶者あり,管理者/役員,発行不可
0,過去に遅延あり,54,配偶者あり,社員,発行不可
3000000,危険人物 / 他のクレジットローンが存在している (この銀行以外で),54,配偶者あり,社員,発行不可
500000,危険人物 / 他のクレジットローンが存在している (この銀行以外で),54,配偶者あり,社員,発行不可
12000000,クレジットローン履歴無し / 全てのクレジットローンは延滞無く完済,55,配偶者あり,管理者/役員,発行可
20000000,クレジットローン履歴無し / 全てのクレジットローンは延滞無く完済,55,配偶者あり,社員,発行可
1000000,この銀行のクレジットローンは全て完済,55,配偶者あり,管理者/役員,発行可
5000000,この銀行のクレジットローンは全て完済,55,配偶者あり,管理者/役員,発行可
3000000,この銀行のクレジットローンは全て完済,55,配偶者あり,管理者/役員,発行不可
15000000,この銀行のクレジットローンは全て完済,55,配偶者あり,社員,発行可
15000000,この銀行のクレジットローンは全て完済,55,配偶者あり,社員,発行可
3000000,ローンの残があるが現状遅延なく支払われている ,55,配偶者あり,社員,発行可
8000000,ローンの残があるが現状遅延なく支払われている ,55,配偶者あり,社員,発行可
10000000,ローンの残があるが現状遅延なく支払われている ,55,配偶者あり,パート,発行可
10000000,ローンの残があるが現状遅延なく支払われている ,55,配偶者あり,社員,発行可
10000000,ローンの残があるが現状遅延なく支払われている ,55,配偶者あり,パート,発行可
500000,ローンの残があるが現状遅延なく支払われている ,55,配偶者あり,社員,発行不可
4000000,ローンの残があるが現状遅延なく支払われている ,55,配偶者あり,社員,発行不可
10000000,過去に遅延あり,55,配偶者あり,社員,発行可
3000000,過去に遅延あり,55,配偶者あり,管理者/役員,発行不可
500000,危険人物 / 他のクレジットローンが存在している (この銀行以外で),55,配偶者あり,社員,発行不可
4000000,危険人物 / 他のクレジットローンが存在している (この銀行以外で),55,配偶者あり,社員,発行不可
5000000,クレジットローン履歴無し / 全てのクレジットローンは延滞無く完済,56,配偶者あり,社員,発行可
10000000,クレジットローン履歴無し / 全てのクレジットローンは延滞無く完済,56,配偶者あり,社員,発行可
12000000,クレジットローン履歴無し / 全てのクレジットローンは延滞無く完済,56,配偶者あり,社員,発行可
12000000,クレジットローン履歴無し / 全てのクレジットローンは延滞無く完済,56,配偶者あり,管理者/役員,発行可
20000000,クレジットローン履歴無し / 全てのクレジットローンは延滞無く完済,56,配偶者あり,パート,発行可
1000000,この銀行のクレジットローンは全て完済,56,配偶者あり,社員,発行可
8000000,この銀行のクレジットローンは全て完済,56,配偶者あり,パート,発行可
15000000,この銀行のクレジットローンは全て完済,56,配偶者あり,管理者/役員,発行可
15000000,この銀行のクレジットローンは全て完済,56,配偶者あり,社員,発行可
3000000,ローンの残があるが現状遅延なく支払われている ,56,配偶者あり,社員,発行可
8000000,ローンの残があるが現状遅延なく支払われている ,56,配偶者あり,社員,発行可
10000000,ローンの残があるが現状遅延なく支払われている ,56,配偶者あり,社員,発行可
10000000,ローンの残があるが現状遅延なく支払われている ,56,配偶者あり,社員,発行可
10000000,ローンの残があるが現状遅延なく支払われている ,56,配偶者あり,管理者/役員,発行可
0,ローンの残があるが現状遅延なく支払われている ,56,配偶者あり,無職,発行不可
500000,ローンの残があるが現状遅延なく支払われている ,56,配偶者あり,管理者/役員,発行不可
500000,ローンの残があるが現状遅延なく支払われている ,56,配偶者あり,管理者/役員,発行不可
500000,ローンの残があるが現状遅延なく支払われている ,56,配偶者あり,社員,発行不可
15000000,過去に遅延あり,56,配偶者あり,社員,発行可
8000000,過去に遅延あり,56,配偶者あり,管理者/役員,発行不可
100000,危険人物 / 他のクレジットローンが存在している (この銀行以外で),56,配偶者あり,社員,発行不可
4000000,危険人物 / 他のクレジットローンが存在している (この銀行以外で),56,配偶者あり,パート,発行不可
5000000,クレジットローン履歴無し / 全てのクレジットローンは延滞無く完済,57,配偶者あり,社員,発行可
12000000,クレジットローン履歴無し / 全てのクレジットローンは延滞無く完済,57,配偶者あり,社員,発行可
20000000,クレジットローン履歴無し / 全てのクレジットローンは延滞無く完済,57,配偶者あり,社員,発行可
1000000,この銀行のクレジットローンは全て完済,57,配偶者あり,社員,発行可
8000000,この銀行のクレジットローンは全て完済,57,配偶者あり,社員,発行可
900000,この銀行のクレジットローンは全て完済,57,配偶者あり,社員,発行不可
5000000,ローンの残があるが現状遅延なく支払われている ,57,配偶者あり,社員,発行可
8000000,ローンの残があるが現状遅延なく支払われている ,57,配偶者あり,社員,発行可
10000000,ローンの残があるが現状遅延なく支払われている ,57,配偶者あり,管理者/役員,発行可
10000000,ローンの残があるが現状遅延なく支払われている ,57,配偶者あり,社員,発行可
100000,ローンの残があるが現状遅延なく支払われている ,57,配偶者あり,パート,発行不可
10000000,ローンの残があるが現状遅延なく支払われている ,57,配偶者あり,管理者/役員,発行可
500000,ローンの残があるが現状遅延なく支払われている ,57,配偶者あり,社員,発行不可
4000000,ローンの残があるが現状遅延なく支払われている ,57,配偶者あり,社員,発行不可
10000000,過去に遅延あり,57,配偶者あり,社員,発行可
100000,過去に遅延あり,57,配偶者あり,社員,発行不可
15000000,過去に遅延あり,57,配偶者あり,社員,発行可
0,過去に遅延あり,57,配偶者あり,社員,発行不可
0,危険人物 / 他のクレジットローンが存在している (この銀行以外で),57,配偶者あり,社員,発行不可
500000,危険人物 / 他のクレジットローンが存在している (この銀行以外で),57,配偶者あり,社員,発行不可
5000000,クレジットローン履歴無し / 全てのクレジットローンは延滞無く完済,58,配偶者あり,社員,発行可
12000000,クレジットローン履歴無し / 全てのクレジットローンは延滞無く完済,58,配偶者あり,社員,発行可
8000000,この銀行のクレジットローンは全て完済,58,配偶者あり,社員,発行可
900000,この銀行のクレジットローンは全て完済,58,配偶者あり,パート,発行不可
15000000,この銀行のクレジットローンは全て完済,58,配偶者あり,社員,発行可
15000000,この銀行のクレジットローンは全て完済,58,配偶者あり,社員,発行可
20000000,この銀行のクレジットローンは全て完済,58,配偶者あり,社員,発行可
3000000,ローンの残があるが現状遅延なく支払われている ,58,配偶者あり,社員,発行可
5000000,ローンの残があるが現状遅延なく支払われている ,58,配偶者あり,パート,発行可
0,ローンの残があるが現状遅延なく支払われている ,58,配偶者あり,社員,発行不可
10000000,ローンの残があるが現状遅延なく支払われている ,58,配偶者あり,社員,発行可
10000000,ローンの残があるが現状遅延なく支払われている ,58,配偶者あり,社員,発行可
10000000,ローンの残があるが現状遅延なく支払われている ,58,配偶者あり,社員,発行可
3000000,ローンの残があるが現状遅延なく支払われている ,58,配偶者あり,社員,発行不可
0,ローンの残があるが現状遅延なく支払われている ,58,配偶者あり,社員,発行不可
500000,ローンの残があるが現状遅延なく支払われている ,58,配偶者あり,パート,発行不可
8000000,ローンの残があるが現状遅延なく支払われている ,58,配偶者あり,社員,発行不可
500000,ローンの残があるが現状遅延なく支払われている ,58,配偶者あり,管理者/役員,発行不可
10000000,過去に遅延あり,58,配偶者あり,社員,発行可
3000000,過去に遅延あり,58,配偶者あり,社員,発行不可
500000,過去に遅延あり,58,配偶者あり,管理者/役員,発行不可
100000,危険人物 / 他のクレジットローンが存在している (この銀行以外で),58,配偶者あり,社員,発行不可
500000,危険人物 / 他のクレジットローンが存在している (この銀行以外で),58,配偶者あり,社員,発行不可
5000000,クレジットローン履歴無し / 全てのクレジットローンは延滞無く完済,59,配偶者あり,管理者/役員,発行可
10000000,クレジットローン履歴無し / 全てのクレジットローンは延滞無く完済,59,配偶者あり,パート,発行可
12000000,クレジットローン履歴無し / 全てのクレジットローンは延滞無く完済,59,配偶者あり,管理者/役員,発行可
20000000,クレジットローン履歴無し / 全てのクレジットローンは延滞無く完済,59,配偶者あり,社員,発行可
1000000,この銀行のクレジットローンは全て完済,59,配偶者あり,管理者/役員,発行可
3000000,この銀行のクレジットローンは全て完済,59,配偶者あり,管理者/役員,発行不可
900000,この銀行のクレジットローンは全て完済,59,配偶者あり,管理者/役員,発行不可
8000000,ローンの残があるが現状遅延なく支払われている ,59,配偶者あり,パート,発行可
10000000,ローンの残があるが現状遅延なく支払われている ,59,配偶者あり,社員,発行可
10000000,ローンの残があるが現状遅延なく支払われている ,59,配偶者あり,社員,発行可
3000000,ローンの残があるが現状遅延なく支払われている ,59,配偶者あり,社員,発行不可
10000000,ローンの残があるが現状遅延なく支払われている ,59,配偶者あり,社員,発行可
0,ローンの残があるが現状遅延なく支払われている ,59,配偶者あり,社員,発行不可
3000000,ローンの残があるが現状遅延なく支払われている ,59,配偶者あり,管理者/役員,発行不可
0,ローンの残があるが現状遅延なく支払われている ,59,配偶者あり,社員,発行不可
4000000,ローンの残があるが現状遅延なく支払われている ,59,配偶者あり,社員,発行不可
500000,ローンの残があるが現状遅延なく支払われている ,59,配偶者あり,パート,発行不可
4000000,ローンの残があるが現状遅延なく支払われている ,59,配偶者あり,社員,発行不可
4000000,ローンの残があるが現状遅延なく支払われている ,59,配偶者あり,社員,発行不可
500000,過去に遅延あり,59,配偶者あり,社員,発行不可
100000,危険人物 / 他のクレジットローンが存在している (この銀行以外で),59,配偶者あり,パート,発行不可
500000,危険人物 / 他のクレジットローンが存在している (この銀行以外で),59,配偶者あり,社員,発行不可
500000,危険人物 / 他のクレジットローンが存在している (この銀行以外で),59,配偶者あり,社員,発行不可
10000000,クレジットローン履歴無し / 全てのクレジットローンは延滞無く完済,60,配偶者あり,管理者/役員,発行可
12000000,クレジットローン履歴無し / 全てのクレジットローンは延滞無く完済,60,配偶者あり,パート,発行可
1000000,この銀行のクレジットローンは全て完済,60,配偶者あり,社員,発行可
8000000,この銀行のクレジットローンは全て完済,60,配偶者あり,社員,発行可
10000000,この銀行のクレジットローンは全て完済,60,配偶者あり,社員,発行可
15000000,この銀行のクレジットローンは全て完済,60,配偶者あり,管理者/役員,発行可
15000000,この銀行のクレジットローンは全て完済,60,配偶者あり,社員,発行可
8000000,ローンの残があるが現状遅延なく支払われている ,60,配偶者あり,管理者/役員,発行可
10000000,ローンの残があるが現状遅延なく支払われている ,60,配偶者あり,パート,発行可
10000000,ローンの残があるが現状遅延なく支払われている ,60,配偶者あり,パート,発行可
3000000,ローンの残があるが現状遅延なく支払われている ,60,配偶者あり,社員,発行不可
0,ローンの残があるが現状遅延なく支払われている ,60,配偶者あり,社員,発行不可
4000000,ローンの残があるが現状遅延なく支払われている ,60,配偶者あり,パート,発行不可
900000,ローンの残があるが現状遅延なく支払われている ,60,配偶者あり,パート,発行不可
10000000,過去に遅延あり,60,配偶者あり,社員,発行可
3000000,過去に遅延あり,60,配偶者あり,管理者/役員,発行不可
500000,危険人物 / 他のクレジットローンが存在している (この銀行以外で),60,配偶者あり,社員,発行不可
10000000,クレジットローン履歴無し / 全てのクレジットローンは延滞無く完済,61,配偶者あり,社員,発行可
5000000,この銀行のクレジットローンは全て完済,61,配偶者あり,管理者/役員,発行可
10000000,この銀行のクレジットローンは全て完済,61,配偶者あり,パート,発行可
15000000,この銀行のクレジットローンは全て完済,61,配偶者あり,社員,発行可
15000000,この銀行のクレジットローンは全て完済,61,配偶者あり,管理者/役員,発行可
15000000,この銀行のクレジットローンは全て完済,61,配偶者あり,社員,発行可
15000000,この銀行のクレジットローンは全て完済,61,配偶者あり,管理者/役員,発行可
3000000,ローンの残があるが現状遅延なく支払われている ,61,配偶者あり,管理者/役員,発行可
8000000,ローンの残があるが現状遅延なく支払われている ,61,配偶者あり,社員,発行可
0,ローンの残があるが現状遅延なく支払われている ,61,配偶者あり,管理者/役員,発行不可
10000000,ローンの残があるが現状遅延なく支払われている ,61,配偶者あり,社員,発行可
10000000,ローンの残があるが現状遅延なく支払われている ,61,配偶者あり,社員,発行可
0,ローンの残があるが現状遅延なく支払われている ,61,配偶者あり,管理者/役員,発行不可
10000000,ローンの残があるが現状遅延なく支払われている ,61,配偶者あり,社員,発行可
0,ローンの残があるが現状遅延なく支払われている ,61,配偶者あり,社員,発行不可
0,ローンの残があるが現状遅延なく支払われている ,61,配偶者あり,社員,発行不可
4000000,ローンの残があるが現状遅延なく支払われている ,61,配偶者あり,管理者/役員,発行不可
500000,ローンの残があるが現状遅延なく支払われている ,61,配偶者あり,社員,発行不可
500000,ローンの残があるが現状遅延なく支払われている ,61,配偶者あり,社員,発行不可
10000000,過去に遅延あり,61,配偶者あり,パート,発行可
0,過去に遅延あり,61,配偶者あり,社員,発行不可
0,危険人物 / 他のクレジットローンが存在している (この銀行以外で),61,配偶者あり,社員,発行不可
500000,危険人物 / 他のクレジットローンが存在している (この銀行以外で),61,配偶者あり,社員,発行不可
8000000,危険人物 / 他のクレジットローンが存在している (この銀行以外で),61,配偶者あり,パート,発行不可
5000000,クレジットローン履歴無し / 全てのクレジットローンは延滞無く完済,62,配偶者あり,管理者/役員,発行可
10000000,クレジットローン履歴無し / 全てのクレジットローンは延滞無く完済,62,配偶者あり,社員,発行可
12000000,クレジットローン履歴無し / 全てのクレジットローンは延滞無く完済,62,配偶者あり,社員,発行可
12000000,クレジットローン履歴無し / 全てのクレジットローンは延滞無く完済,62,配偶者あり,社員,発行可
0,この銀行のクレジットローンは全て完済,62,配偶者あり,管理者/役員,発行不可
10000000,この銀行のクレジットローンは全て完済,62,配偶者あり,社員,発行可
15000000,この銀行のクレジットローンは全て完済,62,配偶者あり,社員,発行可
8000000,ローンの残があるが現状遅延なく支払われている ,62,配偶者あり,管理者/役員,発行可
0,ローンの残があるが現状遅延なく支払われている ,62,配偶者あり,社員,発行不可
0,ローンの残があるが現状遅延なく支払われている ,62,配偶者あり,社員,発行不可
0,ローンの残があるが現状遅延なく支払われている ,62,配偶者あり,社員,発行不可
3000000,ローンの残があるが現状遅延なく支払われている ,62,配偶者あり,管理者/役員,発行不可
4000000,ローンの残があるが現状遅延なく支払われている ,62,配偶者あり,パート,発行不可
0,過去に遅延あり,62,配偶者あり,社員,発行不可
0,過去に遅延あり,62,配偶者あり,パート,発行不可
4000000,過去に遅延あり,62,配偶者あり,管理者/役員,発行不可
0,危険人物 / 他のクレジットローンが存在している (この銀行以外で),62,配偶者あり,社員,発行不可
500000,危険人物 / 他のクレジットローンが存在している (この銀行以外で),62,配偶者あり,社員,発行不可
5000000,クレジットローン履歴無し / 全てのクレジットローンは延滞無く完済,63,配偶者あり,パート,発行可
10000000,クレジットローン履歴無し / 全てのクレジットローンは延滞無く完済,63,配偶者あり,管理者/役員,発行可
12000000,クレジットローン履歴無し / 全てのクレジットローンは延滞無く完済,63,配偶者あり,社員,発行可
5000000,この銀行のクレジットローンは全て完済,63,配偶者あり,管理者/役員,発行可
10000000,この銀行のクレジットローンは全て完済,63,配偶者あり,社員,発行可
15000000,この銀行のクレジットローンは全て完済,63,配偶者あり,管理者/役員,発行可
15000000,この銀行のクレジットローンは全て完済,63,配偶者あり,社員,発行可
3000000,ローンの残があるが現状遅延なく支払われている ,63,配偶者あり,社員,発行可
8000000,ローンの残があるが現状遅延なく支払われている ,63,配偶者あり,パート,発行可
10000000,ローンの残があるが現状遅延なく支払われている ,63,配偶者あり,社員,発行可
10000000,ローンの残があるが現状遅延なく支払われている ,63,配偶者あり,社員,発行可
10000000,ローンの残があるが現状遅延なく支払われている ,63,配偶者あり,管理者/役員,発行可
0,ローンの残があるが現状遅延なく支払われている ,63,配偶者あり,社員,発行不可
4000000,ローンの残があるが現状遅延なく支払われている ,63,配偶者あり,社員,発行不可
500000,ローンの残があるが現状遅延なく支払われている ,63,配偶者あり,パート,発行不可
0,過去に遅延あり,63,配偶者あり,社員,発行不可
0,過去に遅延あり,63,配偶者あり,社員,発行不可
500000,過去に遅延あり,63,配偶者あり,社員,発行不可
500000,危険人物 / 他のクレジットローンが存在している (この銀行以外で),63,配偶者あり,社員,発行不可
10000000,クレジットローン履歴無し / 全てのクレジットローンは延滞無く完済,64,配偶者あり,社員,発行可
12000000,クレジットローン履歴無し / 全てのクレジットローンは延滞無く完済,64,配偶者あり,社員,発行可
12000000,クレジットローン履歴無し / 全てのクレジットローンは延滞無く完済,64,配偶者あり,管理者/役員,発行可
20000000,クレジットローン履歴無し / 全てのクレジットローンは延滞無く完済,64,配偶者あり,パート,発行可
5000000,この銀行のクレジットローンは全て完済,64,配偶者あり,社員,発行可
0,この銀行のクレジットローンは全て完済,64,配偶者あり,社員,発行不可
10000000,この銀行のクレジットローンは全て完済,64,配偶者あり,社員,発行可
15000000,この銀行のクレジットローンは全て完済,64,配偶者あり,社員,発行可
15000000,この銀行のクレジットローンは全て完済,64,配偶者あり,社員,発行可
3000000,ローンの残があるが現状遅延なく支払われている ,64,配偶者あり,パート,発行可
8000000,ローンの残があるが現状遅延なく支払われている ,64,配偶者あり,パート,発行可
8000000,ローンの残があるが現状遅延なく支払われている ,64,配偶者あり,社員,発行可
10000000,ローンの残があるが現状遅延なく支払われている ,64,配偶者あり,社員,発行可
10000000,ローンの残があるが現状遅延なく支払われている ,64,配偶者あり,社員,発行可
3000000,ローンの残があるが現状遅延なく支払われている ,64,配偶者あり,社員,発行不可
0,ローンの残があるが現状遅延なく支払われている ,64,配偶者あり,管理者/役員,発行不可
0,ローンの残があるが現状遅延なく支払われている ,64,配偶者あり,社員,発行不可
4000000,ローンの残があるが現状遅延なく支払われている ,64,配偶者あり,パート,発行不可
500000,ローンの残があるが現状遅延なく支払われている ,64,配偶者あり,パート,発行不可
15000000,ローンの残があるが現状遅延なく支払われている ,64,配偶者あり,社員,発行可
0,過去に遅延あり,64,配偶者あり,社員,発行不可
0,過去に遅延あり,64,配偶者あり,社員,発行不可
5000000,危険人物 / 他のクレジットローンが存在している (この銀行以外で),64,配偶者あり,パート,発行不可
5000000,クレジットローン履歴無し / 全てのクレジットローンは延滞無く完済,65,配偶者あり,管理者/役員,発行可
8000000,クレジットローン履歴無し / 全てのクレジットローンは延滞無く完済,65,配偶者あり,社員,発行可
5000000,この銀行のクレジットローンは全て完済,65,配偶者あり,社員,発行可
15000000,この銀行のクレジットローンは全て完済,65,配偶者あり,社員,発行可
3000000,ローンの残があるが現状遅延なく支払われている ,65,配偶者あり,管理者/役員,発行可
10000000,ローンの残があるが現状遅延なく支払われている ,65,配偶者あり,社員,発行可
10000000,ローンの残があるが現状遅延なく支払われている ,65,配偶者あり,社員,発行可
0,ローンの残があるが現状遅延なく支払われている ,65,配偶者あり,パート,発行不可
10000000,ローンの残があるが現状遅延なく支払われている ,65,配偶者あり,社員,発行可
0,ローンの残があるが現状遅延なく支払われている ,65,配偶者あり,パート,発行不可
500000,ローンの残があるが現状遅延なく支払われている ,65,配偶者あり,社員,発行不可
500000,ローンの残があるが現状遅延なく支払われている ,65,配偶者あり,社員,発行不可
500000,ローンの残があるが現状遅延なく支払われている ,65,配偶者あり,社員,発行不可
10000000,過去に遅延あり,65,配偶者あり,社員,発行可
3000000,過去に遅延あり,65,配偶者あり,管理者/役員,発行不可
3000000,過去に遅延あり,65,配偶者あり,社員,発行不可
500000,過去に遅延あり,65,配偶者あり,社員,発行不可
0,危険人物 / 他のクレジットローンが存在している (この銀行以外で),65,配偶者あり,社員,発行不可
8000000,クレジットローン履歴無し / 全てのクレジットローンは延滞無く完済,66,配偶者あり,社員,発行可
8000000,クレジットローン履歴無し / 全てのクレジットローンは延滞無く完済,66,配偶者あり,管理者/役員,発行可
10000000,クレジットローン履歴無し / 全てのクレジットローンは延滞無く完済,66,配偶者あり,社員,発行可
12000000,クレジットローン履歴無し / 全てのクレジットローンは延滞無く完済,66,配偶者あり,社員,発行可
5000000,この銀行のクレジットローンは全て完済,66,配偶者あり,パート,発行可
10000000,この銀行のクレジットローンは全て完済,66,配偶者あり,社員,発行可
15000000,この銀行のクレジットローンは全て完済,66,配偶者あり,社員,発行可
20000000,この銀行のクレジットローンは全て完済,66,配偶者あり,管理者/役員,発行可
10000000,ローンの残があるが現状遅延なく支払われている ,66,配偶者あり,社員,発行可
10000000,ローンの残があるが現状遅延なく支払われている ,66,配偶者あり,社員,発行可
3000000,ローンの残があるが現状遅延なく支払われている ,66,配偶者あり,管理者/役員,発行不可
8000000,ローンの残があるが現状遅延なく支払われている ,66,配偶者あり,社員,発行不可
500000,ローンの残があるが現状遅延なく支払われている ,66,配偶者あり,社員,発行不可
4000000,ローンの残があるが現状遅延なく支払われている ,66,配偶者あり,社員,発行不可
500000,ローンの残があるが現状遅延なく支払われている ,66,配偶者あり,社員,発行不可
10000000,過去に遅延あり,66,配偶者あり,パート,発行可
0,過去に遅延あり,66,配偶者あり,社員,発行不可
100000,過去に遅延あり,66,配偶者あり,管理者/役員,発行不可
0,過去に遅延あり,66,配偶者あり,社員,発行不可
500000,過去に遅延あり,66,配偶者あり,社員,発行不可
3000000,危険人物 / 他のクレジットローンが存在している (この銀行以外で),66,配偶者あり,パート,発行不可
900000,危険人物 / 他のクレジットローンが存在している (この銀行以外で),66,配偶者あり,社員,発行不可
5000000,クレジットローン履歴無し / 全てのクレジットローンは延滞無く完済,67,配偶者あり,社員,発行可
8000000,クレジットローン履歴無し / 全てのクレジットローンは延滞無く完済,67,配偶者あり,パート,発行可
10000000,クレジットローン履歴無し / 全てのクレジットローンは延滞無く完済,67,配偶者あり,社員,発行可
12000000,クレジットローン履歴無し / 全てのクレジットローンは延滞無く完済,67,配偶者あり,社員,発行可
12000000,クレジットローン履歴無し / 全てのクレジットローンは延滞無く完済,67,配偶者あり,社員,発行可
20000000,クレジットローン履歴無し / 全てのクレジットローンは延滞無く完済,67,配偶者あり,パート,発行可
5000000,この銀行のクレジットローンは全て完済,67,配偶者あり,社員,発行可
3000000,ローンの残があるが現状遅延なく支払われている ,67,配偶者あり,社員,発行可
8000000,ローンの残があるが現状遅延なく支払われている ,67,配偶者あり,社員,発行可
5000000,ローンの残があるが現状遅延なく支払われている ,67,配偶者あり,社員,発行不可
10000000,ローンの残があるが現状遅延なく支払われている ,67,配偶者あり,社員,発行可
3000000,ローンの残があるが現状遅延なく支払われている ,67,配偶者あり,社員,発行不可
10000000,ローンの残があるが現状遅延なく支払われている ,67,配偶者あり,管理者/役員,発行可
0,ローンの残があるが現状遅延なく支払われている ,67,配偶者あり,パート,発行不可
0,ローンの残があるが現状遅延なく支払われている ,67,配偶者あり,社員,発行不可
4000000,ローンの残があるが現状遅延なく支払われている ,67,配偶者あり,管理者/役員,発行不可
500000,ローンの残があるが現状遅延なく支払われている ,67,配偶者あり,管理者/役員,発行不可
900000,ローンの残があるが現状遅延なく支払われている ,67,配偶者あり,社員,発行不可
10000000,過去に遅延あり,67,配偶者あり,パート,発行可
0,過去に遅延あり,67,配偶者あり,社員,発行不可
0,過去に遅延あり,67,配偶者あり,パート,発行不可
4000000,過去に遅延あり,67,配偶者あり,管理者/役員,発行不可
3000000,危険人物 / 他のクレジットローンが存在している (この銀行以外で),67,配偶者あり,社員,発行不可
900000,危険人物 / 他のクレジットローンが存在している (この銀行以外で),67,配偶者あり,管理者/役員,発行不可
8000000,クレジットローン履歴無し / 全てのクレジットローンは延滞無く完済,68,配偶者あり,管理者/役員,発行可
10000000,クレジットローン履歴無し / 全てのクレジットローンは延滞無く完済,68,配偶者あり,管理者/役員,発行可
12000000,クレジットローン履歴無し / 全てのクレジットローンは延滞無く完済,68,配偶者あり,社員,発行可
5000000,この銀行のクレジットローンは全て完済,68,配偶者あり,社員,発行可
10000000,この銀行のクレジットローンは全て完済,68,配偶者あり,パート,発行可
15000000,この銀行のクレジットローンは全て完済,68,配偶者あり,社員,発行可
15000000,この銀行のクレジットローンは全て完済,68,配偶者あり,パート,発行可
8000000,ローンの残があるが現状遅延なく支払われている ,68,配偶者あり,社員,発行可
10000000,ローンの残があるが現状遅延なく支払われている ,68,配偶者あり,社員,発行可
0,ローンの残があるが現状遅延なく支払われている ,68,配偶者あり,管理者/役員,発行不可
500000,ローンの残があるが現状遅延なく支払われている ,68,配偶者あり,社員,発行不可
20000000,ローンの残があるが現状遅延なく支払われている ,68,配偶者あり,管理者/役員,発行可
10000000,過去に遅延あり,68,配偶者あり,管理者/役員,発行可
100000,過去に遅延あり,68,配偶者あり,管理者/役員,発行不可
0,過去に遅延あり,68,配偶者あり,社員,発行不可
500000,過去に遅延あり,68,配偶者あり,パート,発行不可
4000000,危険人物 / 他のクレジットローンが存在している (この銀行以外で),68,配偶者あり,社員,発行不可
5000000,クレジットローン履歴無し / 全てのクレジットローンは延滞無く完済,69,配偶者あり,管理者/役員,発行可
8000000,クレジットローン履歴無し / 全てのクレジットローンは延滞無く完済,69,配偶者あり,パート,発行可
12000000,クレジットローン履歴無し / 全てのクレジットローンは延滞無く完済,69,配偶者あり,社員,発行可
20000000,クレジットローン履歴無し / 全てのクレジットローンは延滞無く完済,69,配偶者あり,パート,発行可
10000000,この銀行のクレジットローンは全て完済,69,配偶者あり,パート,発行可
10000000,この銀行のクレジットローンは全て完済,69,配偶者あり,社員,発行可
15000000,この銀行のクレジットローンは全て完済,69,配偶者あり,社員,発行可
15000000,この銀行のクレジットローンは全て完済,69,配偶者あり,パート,発行可
100000,ローンの残があるが現状遅延なく支払われている ,69,配偶者あり,社員,発行不可
10000000,ローンの残があるが現状遅延なく支払われている ,69,配偶者あり,管理者/役員,発行可
0,ローンの残があるが現状遅延なく支払われている ,69,配偶者あり,社員,発行不可
4000000,ローンの残があるが現状遅延なく支払われている ,69,配偶者あり,パート,発行不可
500000,ローンの残があるが現状遅延なく支払われている ,69,配偶者あり,社員,発行不可
500000,ローンの残があるが現状遅延なく支払われている ,69,配偶者あり,管理者/役員,発行不可
500000,ローンの残があるが現状遅延なく支払われている ,69,配偶者あり,パート,発行不可
500000,ローンの残があるが現状遅延なく支払われている ,69,配偶者あり,社員,発行不可
10000000,過去に遅延あり,69,配偶者あり,社員,発行可
100000,過去に遅延あり,69,配偶者あり,管理者/役員,発行不可
500000,過去に遅延あり,69,配偶者あり,社員,発行不可
500000,過去に遅延あり,69,配偶者あり,社員,発行不可
0,危険人物 / 他のクレジットローンが存在している (この銀行以外で),69,配偶者あり,社員,発行不可
500000,危険人物 / 他のクレジットローンが存在している (この銀行以外で),69,配偶者あり,パート,発行不可
900000,危険人物 / 他のクレジットローンが存在している (この銀行以外で),69,配偶者あり,社員,発行不可
8000000,クレジットローン履歴無し / 全てのクレジットローンは延滞無く完済,70,配偶者あり,管理者/役員,発行可
12000000,クレジットローン履歴無し / 全てのクレジットローンは延滞無く完済,70,配偶者あり,社員,発行可
12000000,クレジットローン履歴無し / 全てのクレジットローンは延滞無く完済,70,配偶者あり,社員,発行可
10000000,この銀行のクレジットローンは全て完済,70,配偶者あり,社員,発行可
15000000,この銀行のクレジットローンは全て完済,70,配偶者あり,パート,発行可
3000000,ローンの残があるが現状遅延なく支払われている ,70,配偶者あり,社員,発行可
5000000,ローンの残があるが現状遅延なく支払われている ,70,配偶者あり,社員,発行可
8000000,ローンの残があるが現状遅延なく支払われている ,70,配偶者あり,社員,発行可
10000000,ローンの残があるが現状遅延なく支払われている ,70,配偶者あり,社員,発行可
10000000,ローンの残があるが現状遅延なく支払われている ,70,配偶者あり,社員,発行可
0,ローンの残があるが現状遅延なく支払われている ,70,配偶者あり,社員,発行不可
0,ローンの残があるが現状遅延なく支払われている ,70,配偶者あり,社員,発行不可
500000,ローンの残があるが現状遅延なく支払われている ,70,配偶者あり,パート,発行不可
4000000,ローンの残があるが現状遅延なく支払われている ,70,配偶者あり,社員,発行不可
15000000,ローンの残があるが現状遅延なく支払われている ,70,配偶者あり,社員,発行可
20000000,ローンの残があるが現状遅延なく支払われている ,70,配偶者あり,社員,発行可
0,過去に遅延あり,70,配偶者あり,社員,発行不可
3000000,過去に遅延あり,70,配偶者あり,管理者/役員,発行不可
4000000,過去に遅延あり,70,配偶者あり,社員,発行不可
0,危険人物 / 他のクレジットローンが存在している (この銀行以外で),70,配偶者あり,管理者/役員,発行不可
3000000,危険人物 / 他のクレジットローンが存在している (この銀行以外で),70,配偶者あり,パート,発行不可
1000000,クレジットローン履歴無し / 全てのクレジットローンは延滞無く完済,22,配偶者なし,パート,発行可
1000000,この銀行のクレジットローンは全て完済,22,配偶者なし,パート,発行可
3000000,ローンの残があるが現状遅延なく支払われている ,22,配偶者なし,社員,発行可
8000000,ローンの残があるが現状遅延なく支払われている ,22,配偶者なし,社員,発行可
500000,ローンの残があるが現状遅延なく支払われている ,22,配偶者なし,社員,発行不可
4000000,ローンの残があるが現状遅延なく支払われている ,22,配偶者なし,社員,発行不可
500000,過去に遅延あり,22,配偶者なし,社員,発行不可
500000,危険人物 / 他のクレジットローンが存在している (この銀行以外で),22,配偶者なし,パート,発行不可
3000000,危険人物 / 他のクレジットローンが存在している (この銀行以外で),22,配偶者なし,管理者/役員,発行不可
500000,危険人物 / 他のクレジットローンが存在している (この銀行以外で),22,配偶者なし,社員,発行不可
1000000,クレジットローン履歴無し / 全てのクレジットローンは延滞無く完済,23,配偶者なし,パート,発行可
5000000,クレジットローン履歴無し / 全てのクレジットローンは延滞無く完済,23,配偶者なし,社員,発行可
100000,ローンの残があるが現状遅延なく支払われている ,23,配偶者なし,管理者/役員,発行可
500000,ローンの残があるが現状遅延なく支払われている ,23,配偶者なし,社員,発行不可
4000000,ローンの残があるが現状遅延なく支払われている ,23,配偶者なし,社員,発行不可
500000,ローンの残があるが現状遅延なく支払われている ,23,配偶者なし,社員,発行不可
4000000,ローンの残があるが現状遅延なく支払われている ,23,配偶者なし,管理者/役員,発行不可
500000,ローンの残があるが現状遅延なく支払われている ,23,配偶者なし,社員,発行不可
900000,ローンの残があるが現状遅延なく支払われている ,23,配偶者なし,社員,発行不可
500000,危険人物 / 他のクレジットローンが存在している (この銀行以外で),23,配偶者なし,パート,発行不可
3000000,危険人物 / 他のクレジットローンが存在している (この銀行以外で),23,配偶者なし,社員,発行不可
900000,危険人物 / 他のクレジットローンが存在している (この銀行以外で),23,配偶者なし,無職,発行不可
4000000,この銀行のクレジットローンは全て完済,24,配偶者なし,パート,発行不可
100000,ローンの残があるが現状遅延なく支払われている ,24,配偶者なし,社員,発行可
100000,ローンの残があるが現状遅延なく支払われている ,24,配偶者なし,社員,発行可
500000,ローンの残があるが現状遅延なく支払われている ,24,配偶者なし,社員,発行不可
500000,ローンの残があるが現状遅延なく支払われている ,24,配偶者なし,社員,発行不可
500000,ローンの残があるが現状遅延なく支払われている ,24,配偶者なし,パート,発行不可
500000,ローンの残があるが現状遅延なく支払われている ,24,配偶者なし,パート,発行不可
5000000,危険人物 / 他のクレジットローンが存在している (この銀行以外で),24,配偶者なし,社員,発行不可
500000,危険人物 / 他のクレジットローンが存在している (この銀行以外で),24,配偶者なし,社員,発行不可
500000,危険人物 / 他のクレジットローンが存在している (この銀行以外で),24,配偶者なし,管理者/役員,発行不可
4000000,危険人物 / 他のクレジットローンが存在している (この銀行以外で),24,配偶者なし,管理者/役員,発行不可
1000000,クレジットローン履歴無し / 全てのクレジットローンは延滞無く完済,25,配偶者なし,社員,発行可
100000,ローンの残があるが現状遅延なく支払われている ,25,配偶者なし,社員,発行可
500000,ローンの残があるが現状遅延なく支払われている ,25,配偶者なし,パート,発行不可
4000000,ローンの残があるが現状遅延なく支払われている ,25,配偶者なし,管理者/役員,発行不可
3000000,危険人物 / 他のクレジットローンが存在している (この銀行以外で),25,配偶者なし,管理者/役員,発行不可
4000000,危険人物 / 他のクレジットローンが存在している (この銀行以外で),25,配偶者なし,社員,発行不可
100000,ローンの残があるが現状遅延なく支払われている ,26,配偶者なし,社員,発行可
100000,ローンの残があるが現状遅延なく支払われている ,26,配偶者なし,社員,発行可
3000000,ローンの残があるが現状遅延なく支払われている ,26,配偶者なし,パート,発行可
500000,ローンの残があるが現状遅延なく支払われている ,26,配偶者なし,社員,発行不可
0,危険人物 / 他のクレジットローンが存在している (この銀行以外で),26,配偶者なし,無職,発行不可
900000,危険人物 / 他のクレジットローンが存在している (この銀行以外で),26,配偶者なし,社員,発行不可
5000000,この銀行のクレジットローンは全て完済,27,配偶者なし,社員,発行可
900000,この銀行のクレジットローンは全て完済,27,配偶者なし,社員,発行不可
3000000,ローンの残があるが現状遅延なく支払われている ,27,配偶者なし,パート,発行可
3000000,ローンの残があるが現状遅延なく支払われている ,27,配偶者なし,パート,発行可
500000,ローンの残があるが現状遅延なく支払われている ,27,配偶者なし,社員,発行不可
500000,ローンの残があるが現状遅延なく支払われている ,27,配偶者なし,社員,発行不可
4000000,ローンの残があるが現状遅延なく支払われている ,27,配偶者なし,管理者/役員,発行不可
5000000,過去に遅延あり,27,配偶者なし,社員,発行可
100000,危険人物 / 他のクレジットローンが存在している (この銀行以外で),27,配偶者なし,管理者/役員,発行不可
500000,危険人物 / 他のクレジットローンが存在している (この銀行以外で),27,配偶者なし,パート,発行不可
500000,危険人物 / 他のクレジットローンが存在している (この銀行以外で),27,配偶者なし,社員,発行不可
4000000,危険人物 / 他のクレジットローンが存在している (この銀行以外で),27,配偶者なし,無職,発行不可
4000000,危険人物 / 他のクレジットローンが存在している (この銀行以外で),27,配偶者なし,管理者/役員,発行不可
5000000,この銀行のクレジットローンは全て完済,28,配偶者なし,社員,発行可
4000000,この銀行のクレジットローンは全て完済,28,配偶者なし,社員,発行不可
100000,ローンの残があるが現状遅延なく支払われている ,28,配偶者なし,社員,発行可
3000000,ローンの残があるが現状遅延なく支払われている ,28,配偶者なし,パート,発行可
3000000,ローンの残があるが現状遅延なく支払われている ,28,配偶者なし,パート,発行可
500000,ローンの残があるが現状遅延なく支払われている ,28,配偶者なし,社員,発行不可
100000,危険人物 / 他のクレジットローンが存在している (この銀行以外で),28,配偶者なし,社員,発行不可
1000000,クレジットローン履歴無し / 全てのクレジットローンは延滞無く完済,29,配偶者なし,パート,発行可
3000000,クレジットローン履歴無し / 全てのクレジットローンは延滞無く完済,29,配偶者なし,管理者/役員,発行可
5000000,この銀行のクレジットローンは全て完済,29,配偶者なし,パート,発行可
4000000,この銀行のクレジットローンは全て完済,29,配偶者なし,社員,発行不可
8000000,ローンの残があるが現状遅延なく支払われている ,29,配偶者なし,管理者/役員,発行可
4000000,ローンの残があるが現状遅延なく支払われている ,29,配偶者なし,社員,発行不可
4000000,ローンの残があるが現状遅延なく支払われている ,29,配偶者なし,パート,発行不可
4000000,ローンの残があるが現状遅延なく支払われている ,29,配偶者なし,社員,発行不可
0,危険人物 / 他のクレジットローンが存在している (この銀行以外で),29,配偶者なし,社員,発行不可
500000,危険人物 / 他のクレジットローンが存在している (この銀行以外で),29,配偶者なし,社員,発行不可
900000,危険人物 / 他のクレジットローンが存在している (この銀行以外で),29,配偶者なし,社員,発行不可
1000000,クレジットローン履歴無し / 全てのクレジットローンは延滞無く完済,30,配偶者なし,パート,発行可
3000000,この銀行のクレジットローンは全て完済,30,配偶者なし,管理者/役員,発行可
3000000,ローンの残があるが現状遅延なく支払われている ,30,配偶者なし,管理者/役員,発行可
0,ローンの残があるが現状遅延なく支払われている ,30,配偶者なし,社員,発行不可
4000000,ローンの残があるが現状遅延なく支払われている ,30,配偶者なし,社員,発行不可
900000,ローンの残があるが現状遅延なく支払われている ,30,配偶者なし,社員,発行不可
4000000,過去に遅延あり,30,配偶者なし,管理者/役員,発行不可
100000,危険人物 / 他のクレジットローンが存在している (この銀行以外で),30,配偶者なし,管理者/役員,発行不可
500000,危険人物 / 他のクレジットローンが存在している (この銀行以外で),30,配偶者なし,社員,発行不可
3000000,危険人物 / 他のクレジットローンが存在している (この銀行以外で),30,配偶者なし,社員,発行不可
1000000,クレジットローン履歴無し / 全てのクレジットローンは延滞無く完済,31,配偶者なし,管理者/役員,発行可
5000000,この銀行のクレジットローンは全て完済,31,配偶者なし,社員,発行可
3000000,ローンの残があるが現状遅延なく支払われている ,31,配偶者なし,管理者/役員,発行可
8000000,ローンの残があるが現状遅延なく支払われている ,31,配偶者なし,パート,発行可
0,ローンの残があるが現状遅延なく支払われている ,31,配偶者なし,パート,発行不可
4000000,ローンの残があるが現状遅延なく支払われている ,31,配偶者なし,社員,発行不可
500000,ローンの残があるが現状遅延なく支払われている ,31,配偶者なし,社員,発行不可
500000,危険人物 / 他のクレジットローンが存在している (この銀行以外で),31,配偶者なし,社員,発行不可
500000,危険人物 / 他のクレジットローンが存在している (この銀行以外で),31,配偶者なし,社員,発行不可
3000000,クレジットローン履歴無し / 全てのクレジットローンは延滞無く完済,32,配偶者なし,パート,発行可
12000000,クレジットローン履歴無し / 全てのクレジットローンは延滞無く完済,32,配偶者なし,社員,発行可
3000000,この銀行のクレジットローンは全て完済,32,配偶者なし,社員,発行不可
15000000,この銀行のクレジットローンは全て完済,32,配偶者なし,社員,発行可
500000,ローンの残があるが現状遅延なく支払われている ,32,配偶者なし,社員,発行不可
4000000,ローンの残があるが現状遅延なく支払われている ,32,配偶者なし,社員,発行不可
0,危険人物 / 他のクレジットローンが存在している (この銀行以外で),32,配偶者なし,社員,発行不可
500000,危険人物 / 他のクレジットローンが存在している (この銀行以外で),32,配偶者なし,社員,発行不可
3000000,クレジットローン履歴無し / 全てのクレジットローンは延滞無く完済,33,配偶者なし,社員,発行可
5000000,この銀行のクレジットローンは全て完済,33,配偶者なし,管理者/役員,発行可
10000000,この銀行のクレジットローンは全て完済,33,配偶者なし,社員,発行可
100000,ローンの残があるが現状遅延なく支払われている ,33,配偶者なし,社員,発行可
3000000,ローンの残があるが現状遅延なく支払われている ,33,配偶者なし,社員,発行可
500000,ローンの残があるが現状遅延なく支払われている ,33,配偶者なし,社員,発行不可
500000,ローンの残があるが現状遅延なく支払われている ,33,配偶者なし,社員,発行不可
500000,ローンの残があるが現状遅延なく支払われている ,33,配偶者なし,管理者/役員,発行不可
4000000,ローンの残があるが現状遅延なく支払われている ,33,配偶者なし,社員,発行不可
500000,危険人物 / 他のクレジットローンが存在している (この銀行以外で),33,配偶者なし,社員,発行不可
1000000,クレジットローン履歴無し / 全てのクレジットローンは延滞無く完済,34,配偶者なし,社員,発行可
5000000,この銀行のクレジットローンは全て完済,34,配偶者なし,パート,発行可
100000,ローンの残があるが現状遅延なく支払われている ,34,配偶者なし,社員,発行可
4000000,ローンの残があるが現状遅延なく支払われている ,34,配偶者なし,社員,発行不可
500000,ローンの残があるが現状遅延なく支払われている ,34,配偶者なし,社員,発行不可
500000,ローンの残があるが現状遅延なく支払われている ,34,配偶者なし,社員,発行不可
1000000,クレジットローン履歴無し / 全てのクレジットローンは延滞無く完済,35,配偶者なし,パート,発行可
3000000,クレジットローン履歴無し / 全てのクレジットローンは延滞無く完済,35,配偶者なし,社員,発行可
3000000,この銀行のクレジットローンは全て完済,35,配偶者なし,パート,発行不可
900000,この銀行のクレジットローンは全て完済,35,配偶者なし,無職,発行不可
4000000,ローンの残があるが現状遅延なく支払われている ,35,配偶者なし,社員,発行不可
500000,ローンの残があるが現状遅延なく支払われている ,35,配偶者なし,社員,発行不可
4000000,ローンの残があるが現状遅延なく支払われている ,35,配偶者なし,社員,発行不可
4000000,ローンの残があるが現状遅延なく支払われている ,35,配偶者なし,社員,発行不可
100000,危険人物 / 他のクレジットローンが存在している (この銀行以外で),35,配偶者なし,社員,発行不可
4000000,危険人物 / 他のクレジットローンが存在している (この銀行以外で),35,配偶者なし,パート,発行不可
1000000,クレジットローン履歴無し / 全てのクレジットローンは延滞無く完済,36,配偶者なし,社員,発行可
3000000,この銀行のクレジットローンは全て完済,36,配偶者なし,パート,発行不可
4000000,この銀行のクレジットローンは全て完済,36,配偶者なし,社員,発行不可
5000000,ローンの残があるが現状遅延なく支払われている ,36,配偶者なし,社員,発行可
8000000,ローンの残があるが現状遅延なく支払われている ,36,配偶者なし,社員,発行可
8000000,ローンの残があるが現状遅延なく支払われている ,36,配偶者なし,パート,発行不可
500000,過去に遅延あり,36,配偶者なし,社員,発行不可
0,危険人物 / 他のクレジットローンが存在している (この銀行以外で),36,配偶者なし,社員,発行不可
4000000,危険人物 / 他のクレジットローンが存在している (この銀行以外で),36,配偶者なし,管理者/役員,発行不可
8000000,クレジットローン履歴無し / 全てのクレジットローンは延滞無く完済,37,配偶者なし,社員,発行可
15000000,この銀行のクレジットローンは全て完済,37,配偶者なし,社員,発行可
3000000,ローンの残があるが現状遅延なく支払われている ,37,配偶者なし,社員,発行可
8000000,ローンの残があるが現状遅延なく支払われている ,37,配偶者なし,社員,発行可
8000000,ローンの残があるが現状遅延なく支払われている ,37,配偶者なし,社員,発行可
900000,ローンの残があるが現状遅延なく支払われている ,37,配偶者なし,社員,発行不可
3000000,危険人物 / 他のクレジットローンが存在している (この銀行以外で),37,配偶者なし,管理者/役員,発行不可
8000000,クレジットローン履歴無し / 全てのクレジットローンは延滞無く完済,38,配偶者なし,社員,発行可
10000000,この銀行のクレジットローンは全て完済,38,配偶者なし,社員,発行可
900000,この銀行のクレジットローンは全て完済,38,配偶者なし,管理者/役員,発行不可
15000000,この銀行のクレジットローンは全て完済,38,配偶者なし,社員,発行可
5000000,ローンの残があるが現状遅延なく支払われている ,38,配偶者なし,管理者/役員,発行可
500000,ローンの残があるが現状遅延なく支払われている ,38,配偶者なし,パート,発行不可
500000,ローンの残があるが現状遅延なく支払われている ,38,配偶者なし,社員,発行不可
500000,ローンの残があるが現状遅延なく支払われている ,38,配偶者なし,社員,発行不可
1000000,クレジットローン履歴無し / 全てのクレジットローンは延滞無く完済,39,配偶者なし,社員,発行可
4000000,クレジットローン履歴無し / 全てのクレジットローンは延滞無く完済,39,配偶者なし,社員,発行可
8000000,クレジットローン履歴無し / 全てのクレジットローンは延滞無く完済,39,配偶者なし,管理者/役員,発行可
5000000,この銀行のクレジットローンは全て完済,39,配偶者なし,社員,発行可
8000000,ローンの残があるが現状遅延なく支払われている ,39,配偶者なし,社員,発行可
0,ローンの残があるが現状遅延なく支払われている ,39,配偶者なし,社員,発行不可
500000,ローンの残があるが現状遅延なく支払われている ,39,配偶者なし,社員,発行不可
500000,ローンの残があるが現状遅延なく支払われている ,39,配偶者なし,パート,発行不可
8000000,ローンの残があるが現状遅延なく支払われている ,39,配偶者なし,パート,発行不可
500000,ローンの残があるが現状遅延なく支払われている ,39,配偶者なし,社員,発行不可
4000000,過去に遅延あり,39,配偶者なし,社員,発行不可
4000000,危険人物 / 他のクレジットローンが存在している (この銀行以外で),39,配偶者なし,管理者/役員,発行不可
1000000,この銀行のクレジットローンは全て完済,40,配偶者なし,社員,発行可
0,この銀行のクレジットローンは全て完済,40,配偶者なし,管理者/役員,発行不可
4000000,この銀行のクレジットローンは全て完済,40,配偶者なし,管理者/役員,発行不可
3000000,ローンの残があるが現状遅延なく支払われている ,40,配偶者なし,社員,発行可
8000000,ローンの残があるが現状遅延なく支払われている ,40,配偶者なし,社員,発行可
8000000,ローンの残があるが現状遅延なく支払われている ,40,配偶者なし,社員,発行可
10000000,ローンの残があるが現状遅延なく支払われている ,40,配偶者なし,社員,発行可
10000000,ローンの残があるが現状遅延なく支払われている ,40,配偶者なし,社員,発行可
10000000,ローンの残があるが現状遅延なく支払われている ,40,配偶者なし,パート,発行可
4000000,ローンの残があるが現状遅延なく支払われている ,40,配偶者なし,社員,発行不可
4000000,ローンの残があるが現状遅延なく支払われている ,40,配偶者なし,管理者/役員,発行不可
500000,ローンの残があるが現状遅延なく支払われている ,40,配偶者なし,社員,発行不可
4000000,ローンの残があるが現状遅延なく支払われている ,40,配偶者なし,社員,発行不可
100000,過去に遅延あり,40,配偶者なし,社員,発行可
500000,過去に遅延あり,40,配偶者なし,パート,発行不可
3000000,危険人物 / 他のクレジットローンが存在している (この銀行以外で),40,配偶者なし,社員,発行不可
3000000,クレジットローン履歴無し / 全てのクレジットローンは延滞無く完済,41,配偶者なし,管理者/役員,発行可
4000000,クレジットローン履歴無し / 全てのクレジットローンは延滞無く完済,41,配偶者なし,社員,発行可
12000000,クレジットローン履歴無し / 全てのクレジットローンは延滞無く完済,41,配偶者なし,社員,発行可
0,ローンの残があるが現状遅延なく支払われている ,41,配偶者なし,社員,発行不可
10000000,ローンの残があるが現状遅延なく支払われている ,41,配偶者なし,社員,発行可
10000000,ローンの残があるが現状遅延なく支払われている ,41,配偶者なし,社員,発行可
0,ローンの残があるが現状遅延なく支払われている ,41,配偶者なし,パート,発行不可
500000,ローンの残があるが現状遅延なく支払われている ,41,配偶者なし,管理者/役員,発行不可
4000000,ローンの残があるが現状遅延なく支払われている ,41,配偶者なし,社員,発行不可
500000,ローンの残があるが現状遅延なく支払われている ,41,配偶者なし,社員,発行不可
500000,ローンの残があるが現状遅延なく支払われている ,41,配偶者なし,社員,発行不可
500000,ローンの残があるが現状遅延なく支払われている ,41,配偶者なし,社員,発行不可
900000,ローンの残があるが現状遅延なく支払われている ,41,配偶者なし,社員,発行不可
4000000,危険人物 / 他のクレジットローンが存在している (この銀行以外で),41,配偶者なし,社員,発行不可
8000000,クレジットローン履歴無し / 全てのクレジットローンは延滞無く完済,42,配偶者なし,パート,発行可
5000000,この銀行のクレジットローンは全て完済,42,配偶者なし,パート,発行可
15000000,この銀行のクレジットローンは全て完済,42,配偶者なし,社員,発行可
5000000,ローンの残があるが現状遅延なく支払われている ,42,配偶者なし,管理者/役員,発行可
10000000,ローンの残があるが現状遅延なく支払われている ,42,配偶者なし,社員,発行可
500000,ローンの残があるが現状遅延なく支払われている ,42,配偶者なし,パート,発行不可
500000,ローンの残があるが現状遅延なく支払われている ,42,配偶者なし,パート,発行不可
100000,過去に遅延あり,42,配偶者なし,社員,発行可
100000,危険人物 / 他のクレジットローンが存在している (この銀行以外で),42,配偶者なし,管理者/役員,発行不可
500000,危険人物 / 他のクレジットローンが存在している (この銀行以外で),42,配偶者なし,パート,発行不可
4000000,クレジットローン履歴無し / 全てのクレジットローンは延滞無く完済,43,配偶者なし,パート,発行可
8000000,クレジットローン履歴無し / 全てのクレジットローンは延滞無く完済,43,配偶者なし,管理者/役員,発行可
1000000,この銀行のクレジットローンは全て完済,43,配偶者なし,社員,発行可
4000000,この銀行のクレジットローンは全て完済,43,配偶者なし,管理者/役員,発行不可
5000000,ローンの残があるが現状遅延なく支払われている ,43,配偶者なし,管理者/役員,発行可
8000000,ローンの残があるが現状遅延なく支払われている ,43,配偶者なし,パート,発行可
10000000,ローンの残があるが現状遅延なく支払われている ,43,配偶者なし,社員,発行可
0,ローンの残があるが現状遅延なく支払われている ,43,配偶者なし,社員,発行不可
4000000,ローンの残があるが現状遅延なく支払われている ,43,配偶者なし,社員,発行不可
4000000,ローンの残があるが現状遅延なく支払われている ,43,配偶者なし,パート,発行不可
900000,ローンの残があるが現状遅延なく支払われている ,43,配偶者なし,社員,発行不可
100000,過去に遅延あり,43,配偶者なし,社員,発行可
3000000,危険人物 / 他のクレジットローンが存在している (この銀行以外で),43,配偶者なし,管理者/役員,発行不可
4000000,危険人物 / 他のクレジットローンが存在している (この銀行以外で),43,配偶者なし,パート,発行不可
500000,危険人物 / 他のクレジットローンが存在している (この銀行以外で),43,配偶者なし,パート,発行不可
8000000,クレジットローン履歴無し / 全てのクレジットローンは延滞無く完済,44,配偶者なし,社員,発行可
12000000,クレジットローン履歴無し / 全てのクレジットローンは延滞無く完済,44,配偶者なし,社員,発行可
500000,この銀行のクレジットローンは全て完済,44,配偶者なし,無職,発行不可
900000,この銀行のクレジットローンは全て完済,44,配偶者なし,社員,発行不可
5000000,ローンの残があるが現状遅延なく支払われている ,44,配偶者なし,管理者/役員,発行可
10000000,ローンの残があるが現状遅延なく支払われている ,44,配偶者なし,管理者/役員,発行可
3000000,ローンの残があるが現状遅延なく支払われている ,44,配偶者なし,管理者/役員,発行不可
3000000,ローンの残があるが現状遅延なく支払われている ,44,配偶者なし,社員,発行不可
0,ローンの残があるが現状遅延なく支払われている ,44,配偶者なし,社員,発行不可
4000000,ローンの残があるが現状遅延なく支払われている ,44,配偶者なし,パート,発行不可
500000,ローンの残があるが現状遅延なく支払われている ,44,配偶者なし,社員,発行不可
500000,ローンの残があるが現状遅延なく支払われている ,44,配偶者なし,社員,発行不可
500000,危険人物 / 他のクレジットローンが存在している (この銀行以外で),44,配偶者なし,社員,発行不可
1000000,クレジットローン履歴無し / 全てのクレジットローンは延滞無く完済,45,配偶者なし,社員,発行可
1000000,クレジットローン履歴無し / 全てのクレジットローンは延滞無く完済,45,配偶者なし,社員,発行可
12000000,クレジットローン履歴無し / 全てのクレジットローンは延滞無く完済,45,配偶者なし,社員,発行可
12000000,クレジットローン履歴無し / 全てのクレジットローンは延滞無く完済,45,配偶者なし,パート,発行可
3000000,この銀行のクレジットローンは全て完済,45,配偶者なし,社員,発行不可
8000000,この銀行のクレジットローンは全て完済,45,配偶者なし,無職,発行不可
5000000,ローンの残があるが現状遅延なく支払われている ,45,配偶者なし,パート,発行可
3000000,ローンの残があるが現状遅延なく支払われている ,45,配偶者なし,社員,発行不可
4000000,ローンの残があるが現状遅延なく支払われている ,45,配偶者なし,社員,発行不可
500000,ローンの残があるが現状遅延なく支払われている ,45,配偶者なし,社員,発行不可
4000000,ローンの残があるが現状遅延なく支払われている ,45,配偶者なし,社員,発行不可
900000,ローンの残があるが現状遅延なく支払われている ,45,配偶者なし,社員,発行不可
0,過去に遅延あり,45,配偶者なし,社員,発行不可
0,危険人物 / 他のクレジットローンが存在している (この銀行以外で),45,配偶者なし,パート,発行不可
500000,危険人物 / 他のクレジットローンが存在している (この銀行以外で),45,配偶者なし,パート,発行不可
1000000,この銀行のクレジットローンは全て完済,46,配偶者なし,管理者/役員,発行不可
5000000,この銀行のクレジットローンは全て完済,46,配偶者なし,無職,発行不可
15000000,この銀行のクレジットローンは全て完済,46,配偶者なし,社員,発行可
15000000,この銀行のクレジットローンは全て完済,46,配偶者なし,社員,発行可
8000000,ローンの残があるが現状遅延なく支払われている ,46,配偶者なし,社員,発行可
10000000,ローンの残があるが現状遅延なく支払われている ,46,配偶者なし,社員,発行可
10000000,ローンの残があるが現状遅延なく支払われている ,46,配偶者なし,パート,発行可
10000000,ローンの残があるが現状遅延なく支払われている ,46,配偶者なし,社員,発行可
3000000,ローンの残があるが現状遅延なく支払われている ,46,配偶者なし,社員,発行不可
4000000,ローンの残があるが現状遅延なく支払われている ,46,配偶者なし,管理者/役員,発行不可
500000,ローンの残があるが現状遅延なく支払われている ,46,配偶者なし,管理者/役員,発行不可
500000,ローンの残があるが現状遅延なく支払われている ,46,配偶者なし,社員,発行不可
900000,ローンの残があるが現状遅延なく支払われている ,46,配偶者なし,社員,発行不可
0,危険人物 / 他のクレジットローンが存在している (この銀行以外で),46,配偶者なし,パート,発行不可
100000,危険人物 / 他のクレジットローンが存在している (この銀行以外で),46,配偶者なし,社員,発行不可
1000000,クレジットローン履歴無し / 全てのクレジットローンは延滞無く完済,47,配偶者なし,社員,発行可
8000000,クレジットローン履歴無し / 全てのクレジットローンは延滞無く完済,47,配偶者なし,パート,発行可
12000000,クレジットローン履歴無し / 全てのクレジットローンは延滞無く完済,47,配偶者なし,社員,発行可
12000000,クレジットローン履歴無し / 全てのクレジットローンは延滞無く完済,47,配偶者なし,パート,発行可
3000000,この銀行のクレジットローンは全て完済,47,配偶者なし,社員,発行可
5000000,この銀行のクレジットローンは全て完済,47,配偶者なし,パート,発行可
500000,この銀行のクレジットローンは全て完済,47,配偶者なし,管理者/役員,発行不可
10000000,この銀行のクレジットローンは全て完済,47,配偶者なし,社員,発行可
8000000,ローンの残があるが現状遅延なく支払われている ,47,配偶者なし,社員,発行可
100000,ローンの残があるが現状遅延なく支払われている ,47,配偶者なし,社員,発行不可
0,ローンの残があるが現状遅延なく支払われている ,47,配偶者なし,管理者/役員,発行不可
10000000,ローンの残があるが現状遅延なく支払われている ,47,配偶者なし,管理者/役員,発行可
500000,ローンの残があるが現状遅延なく支払われている ,47,配偶者なし,社員,発行不可
4000000,ローンの残があるが現状遅延なく支払われている ,47,配偶者なし,社員,発行不可
15000000,ローンの残があるが現状遅延なく支払われている ,47,配偶者なし,社員,発行可
500000,危険人物 / 他のクレジットローンが存在している (この銀行以外で),47,配偶者なし,パート,発行不可
1000000,クレジットローン履歴無し / 全てのクレジットローンは延滞無く完済,48,配偶者なし,社員,発行可
10000000,クレジットローン履歴無し / 全てのクレジットローンは延滞無く完済,48,配偶者なし,パート,発行可
10000000,この銀行のクレジットローンは全て完済,48,配偶者なし,社員,発行可
4000000,ローンの残があるが現状遅延なく支払われている ,48,配偶者なし,社員,発行可
8000000,ローンの残があるが現状遅延なく支払われている ,48,配偶者なし,社員,発行可
0,ローンの残があるが現状遅延なく支払われている ,48,配偶者なし,社員,発行不可
0,ローンの残があるが現状遅延なく支払われている ,48,配偶者なし,社員,発行不可
0,ローンの残があるが現状遅延なく支払われている ,48,配偶者なし,社員,発行不可
3000000,ローンの残があるが現状遅延なく支払われている ,48,配偶者なし,社員,発行不可
4000000,ローンの残があるが現状遅延なく支払われている ,48,配偶者なし,管理者/役員,発行不可
4000000,ローンの残があるが現状遅延なく支払われている ,48,配偶者なし,社員,発行不可
4000000,ローンの残があるが現状遅延なく支払われている ,48,配偶者なし,社員,発行不可
500000,ローンの残があるが現状遅延なく支払われている ,48,配偶者なし,社員,発行不可
100000,危険人物 / 他のクレジットローンが存在している (この銀行以外で),48,配偶者なし,パート,発行不可
1000000,クレジットローン履歴無し / 全てのクレジットローンは延滞無く完済,49,配偶者なし,社員,発行可
12000000,クレジットローン履歴無し / 全てのクレジットローンは延滞無く完済,49,配偶者なし,パート,発行可
3000000,この銀行のクレジットローンは全て完済,49,配偶者なし,パート,発行可
3000000,この銀行のクレジットローンは全て完済,49,配偶者なし,管理者/役員,発行不可
10000000,この銀行のクレジットローンは全て完済,49,配偶者なし,管理者/役員,発行可
10000000,この銀行のクレジットローンは全て完済,49,配偶者なし,パート,発行可
5000000,ローンの残があるが現状遅延なく支払われている ,49,配偶者なし,社員,発行可
10000000,ローンの残があるが現状遅延なく支払われている ,49,配偶者なし,パート,発行可
10000000,ローンの残があるが現状遅延なく支払われている ,49,配偶者なし,社員,発行可
10000000,ローンの残があるが現状遅延なく支払われている ,49,配偶者なし,社員,発行可
0,ローンの残があるが現状遅延なく支払われている ,49,配偶者なし,社員,発行不可
4000000,ローンの残があるが現状遅延なく支払われている ,49,配偶者なし,社員,発行不可
8000000,ローンの残があるが現状遅延なく支払われている ,49,配偶者なし,パート,発行不可
500000,ローンの残があるが現状遅延なく支払われている ,49,配偶者なし,社員,発行不可
900000,ローンの残があるが現状遅延なく支払われている ,49,配偶者なし,社員,発行不可
3000000,この銀行のクレジットローンは全て完済,50,配偶者なし,社員,発行可
15000000,この銀行のクレジットローンは全て完済,50,配偶者なし,パート,発行可
15000000,この銀行のクレジットローンは全て完済,50,配偶者なし,社員,発行可
4000000,ローンの残があるが現状遅延なく支払われている ,50,配偶者なし,パート,発行可
5000000,ローンの残があるが現状遅延なく支払われている ,50,配偶者なし,パート,発行可
8000000,ローンの残があるが現状遅延なく支払われている ,50,配偶者なし,社員,発行可
10000000,ローンの残があるが現状遅延なく支払われている ,50,配偶者なし,パート,発行可
100000,ローンの残があるが現状遅延なく支払われている ,50,配偶者なし,社員,発行不可
10000000,ローンの残があるが現状遅延なく支払われている ,50,配偶者なし,社員,発行可
10000000,ローンの残があるが現状遅延なく支払われている ,50,配偶者なし,社員,発行可
500000,ローンの残があるが現状遅延なく支払われている ,50,配偶者なし,社員,発行不可
500000,ローンの残があるが現状遅延なく支払われている ,50,配偶者なし,社員,発行不可
4000000,ローンの残があるが現状遅延なく支払われている ,50,配偶者なし,社員,発行不可
15000000,ローンの残があるが現状遅延なく支払われている ,50,配偶者なし,社員,発行可
0,危険人物 / 他のクレジットローンが存在している (この銀行以外で),50,配偶者なし,パート,発行不可
5000000,危険人物 / 他のクレジットローンが存在している (この銀行以外で),50,配偶者なし,社員,発行不可
500000,危険人物 / 他のクレジットローンが存在している (この銀行以外で),50,配偶者なし,社員,発行不可
1000000,この銀行のクレジットローンは全て完済,51,配偶者なし,パート,発行可
5000000,この銀行のクレジットローンは全て完済,51,配偶者なし,管理者/役員,発行可
10000000,この銀行のクレジットローンは全て完済,51,配偶者なし,社員,発行可
5000000,ローンの残があるが現状遅延なく支払われている ,51,配偶者なし,パート,発行可
10000000,ローンの残があるが現状遅延なく支払われている ,51,配偶者なし,社員,発行可
3000000,ローンの残があるが現状遅延なく支払われている ,51,配偶者なし,社員,発行不可
0,ローンの残があるが現状遅延なく支払われている ,51,配偶者なし,パート,発行不可
500000,ローンの残があるが現状遅延なく支払われている ,51,配偶者なし,パート,発行不可
4000000,ローンの残があるが現状遅延なく支払われている ,51,配偶者なし,社員,発行不可
15000000,過去に遅延あり,51,配偶者なし,社員,発行可
500000,危険人物 / 他のクレジットローンが存在している (この銀行以外で),51,配偶者なし,社員,発行不可
500000,危険人物 / 他のクレジットローンが存在している (この銀行以外で),51,配偶者なし,社員,発行不可
3000000,この銀行のクレジットローンは全て完済,52,配偶者なし,管理者/役員,発行不可
4000000,ローンの残があるが現状遅延なく支払われている ,52,配偶者なし,社員,発行可
8000000,ローンの残があるが現状遅延なく支払われている ,52,配偶者なし,社員,発行可
0,ローンの残があるが現状遅延なく支払われている ,52,配偶者なし,社員,発行不可
0,ローンの残があるが現状遅延なく支払われている ,52,配偶者なし,パート,発行不可
0,ローンの残があるが現状遅延なく支払われている ,52,配偶者なし,社員,発行不可
3000000,ローンの残があるが現状遅延なく支払われている ,52,配偶者なし,社員,発行不可
0,ローンの残があるが現状遅延なく支払われている ,52,配偶者なし,社員,発行不可
3000000,ローンの残があるが現状遅延なく支払われている ,52,配偶者なし,社員,発行不可
0,ローンの残があるが現状遅延なく支払われている ,52,配偶者なし,社員,発行不可
0,ローンの残があるが現状遅延なく支払われている ,52,配偶者なし,パート,発行不可
4000000,ローンの残があるが現状遅延なく支払われている ,52,配偶者なし,管理者/役員,発行不可
15000000,過去に遅延あり,52,配偶者なし,社員,発行可
500000,危険人物 / 他のクレジットローンが存在している (この銀行以外で),52,配偶者なし,無職,発行不可
500000,危険人物 / 他のクレジットローンが存在している (この銀行以外で),52,配偶者なし,社員,発行不可
12000000,クレジットローン履歴無し / 全てのクレジットローンは延滞無く完済,53,配偶者なし,社員,発行可
900000,この銀行のクレジットローンは全て完済,53,配偶者なし,社員,発行不可
15000000,この銀行のクレジットローンは全て完済,53,配偶者なし,社員,発行可
100000,ローンの残があるが現状遅延なく支払われている ,53,配偶者なし,社員,発行不可
10000000,ローンの残があるが現状遅延なく支払われている ,53,配偶者なし,社員,発行可
10000000,ローンの残があるが現状遅延なく支払われている ,53,配偶者なし,社員,発行可
3000000,ローンの残があるが現状遅延なく支払われている ,53,配偶者なし,社員,発行不可
3000000,ローンの残があるが現状遅延なく支払われている ,53,配偶者なし,社員,発行不可
0,ローンの残があるが現状遅延なく支払われている ,53,配偶者なし,社員,発行不可
500000,ローンの残があるが現状遅延なく支払われている ,53,配偶者なし,社員,発行不可
0,危険人物 / 他のクレジットローンが存在している (この銀行以外で),53,配偶者なし,社員,発行不可
500000,危険人物 / 他のクレジットローンが存在している (この銀行以外で),53,配偶者なし,管理者/役員,発行不可
12000000,クレジットローン履歴無し / 全てのクレジットローンは延滞無く完済,54,配偶者なし,社員,発行可
8000000,この銀行のクレジットローンは全て完済,54,配偶者なし,無職,発行不可
4000000,ローンの残があるが現状遅延なく支払われている ,54,配偶者なし,パート,発行可
0,ローンの残があるが現状遅延なく支払われている ,54,配偶者なし,社員,発行不可
10000000,ローンの残があるが現状遅延なく支払われている ,54,配偶者なし,パート,発行可
3000000,ローンの残があるが現状遅延なく支払われている ,54,配偶者なし,社員,発行不可
0,ローンの残があるが現状遅延なく支払われている ,54,配偶者なし,パート,発行不可
0,ローンの残があるが現状遅延なく支払われている ,54,配偶者なし,社員,発行不可
4000000,ローンの残があるが現状遅延なく支払われている ,54,配偶者なし,管理者/役員,発行不可
4000000,ローンの残があるが現状遅延なく支払われている ,54,配偶者なし,パート,発行不可
500000,ローンの残があるが現状遅延なく支払われている ,54,配偶者なし,社員,発行不可
10000000,過去に遅延あり,54,配偶者なし,社員,発行可
0,危険人物 / 他のクレジットローンが存在している (この銀行以外で),54,配偶者なし,社員,発行不可
10000000,クレジットローン履歴無し / 全てのクレジットローンは延滞無く完済,55,配偶者なし,社員,発行可
12000000,クレジットローン履歴無し / 全てのクレジットローンは延滞無く完済,55,配偶者なし,管理者/役員,発行可
10000000,この銀行のクレジットローンは全て完済,55,配偶者なし,管理者/役員,発行可
15000000,この銀行のクレジットローンは全て完済,55,配偶者なし,社員,発行可
15000000,この銀行のクレジットローンは全て完済,55,配偶者なし,社員,発行可
4000000,ローンの残があるが現状遅延なく支払われている ,55,配偶者なし,パート,発行可
5000000,ローンの残があるが現状遅延なく支払われている ,55,配偶者なし,パート,発行可
8000000,ローンの残があるが現状遅延なく支払われている ,55,配偶者なし,パート,発行可
10000000,ローンの残があるが現状遅延なく支払われている ,55,配偶者なし,パート,発行可
10000000,ローンの残があるが現状遅延なく支払われている ,55,配偶者なし,社員,発行可
10000000,ローンの残があるが現状遅延なく支払われている ,55,配偶者なし,社員,発行可
3000000,ローンの残があるが現状遅延なく支払われている ,55,配偶者なし,社員,発行不可
0,ローンの残があるが現状遅延なく支払われている ,55,配偶者なし,社員,発行不可
500000,ローンの残があるが現状遅延なく支払われている ,55,配偶者なし,無職,発行不可
500000,ローンの残があるが現状遅延なく支払われている ,55,配偶者なし,社員,発行不可
500000,ローンの残があるが現状遅延なく支払われている ,55,配偶者なし,社員,発行不可
15000000,ローンの残があるが現状遅延なく支払われている ,55,配偶者なし,社員,発行可
20000000,過去に遅延あり,55,配偶者なし,社員,発行可
0,危険人物 / 他のクレジットローンが存在している (この銀行以外で),55,配偶者なし,社員,発行不可
20000000,クレジットローン履歴無し / 全てのクレジットローンは延滞無く完済,56,配偶者なし,パート,発行可
5000000,この銀行のクレジットローンは全て完済,56,配偶者なし,社員,発行可
900000,この銀行のクレジットローンは全て完済,56,配偶者なし,パート,発行不可
10000000,この銀行のクレジットローンは全て完済,56,配偶者なし,社員,発行可
15000000,この銀行のクレジットローンは全て完済,56,配偶者なし,管理者/役員,発行可
5000000,ローンの残があるが現状遅延なく支払われている ,56,配偶者なし,パート,発行可
10000000,ローンの残があるが現状遅延なく支払われている ,56,配偶者なし,社員,発行可
0,ローンの残があるが現状遅延なく支払われている ,56,配偶者なし,社員,発行不可
10000000,ローンの残があるが現状遅延なく支払われている ,56,配偶者なし,管理者/役員,発行可
0,ローンの残があるが現状遅延なく支払われている ,56,配偶者なし,社員,発行不可
3000000,ローンの残があるが現状遅延なく支払われている ,56,配偶者なし,パート,発行不可
4000000,ローンの残があるが現状遅延なく支払われている ,56,配偶者なし,パート,発行不可
4000000,ローンの残があるが現状遅延なく支払われている ,56,配偶者なし,社員,発行不可
4000000,ローンの残があるが現状遅延なく支払われている ,56,配偶者なし,社員,発行不可
3000000,危険人物 / 他のクレジットローンが存在している (この銀行以外で),56,配偶者なし,無職,発行不可
10000000,クレジットローン履歴無し / 全てのクレジットローンは延滞無く完済,57,配偶者なし,社員,発行可
12000000,クレジットローン履歴無し / 全てのクレジットローンは延滞無く完済,57,配偶者なし,社員,発行可
12000000,クレジットローン履歴無し / 全てのクレジットローンは延滞無く完済,57,配偶者なし,社員,発行可
10000000,この銀行のクレジットローンは全て完済,57,配偶者なし,管理者/役員,発行可
15000000,この銀行のクレジットローンは全て完済,57,配偶者なし,社員,発行可
3000000,ローンの残があるが現状遅延なく支払われている ,57,配偶者なし,パート,発行可
5000000,ローンの残があるが現状遅延なく支払われている ,57,配偶者なし,社員,発行可
0,ローンの残があるが現状遅延なく支払われている ,57,配偶者なし,パート,発行不可
10000000,ローンの残があるが現状遅延なく支払われている ,57,配偶者なし,社員,発行可
0,ローンの残があるが現状遅延なく支払われている ,57,配偶者なし,社員,発行不可
0,ローンの残があるが現状遅延なく支払われている ,57,配偶者なし,社員,発行不可
4000000,ローンの残があるが現状遅延なく支払われている ,57,配偶者なし,社員,発行不可
500000,ローンの残があるが現状遅延なく支払われている ,57,配偶者なし,社員,発行不可
500000,ローンの残があるが現状遅延なく支払われている ,57,配偶者なし,社員,発行不可
4000000,ローンの残があるが現状遅延なく支払われている ,57,配偶者なし,社員,発行不可
500000,過去に遅延あり,57,配偶者なし,社員,発行不可
4000000,危険人物 / 他のクレジットローンが存在している (この銀行以外で),57,配偶者なし,管理者/役員,発行不可
10000000,クレジットローン履歴無し / 全てのクレジットローンは延滞無く完済,58,配偶者なし,社員,発行可
12000000,クレジットローン履歴無し / 全てのクレジットローンは延滞無く完済,58,配偶者なし,社員,発行可
20000000,クレジットローン履歴無し / 全てのクレジットローンは延滞無く完済,58,配偶者なし,社員,発行可
1000000,この銀行のクレジットローンは全て完済,58,配偶者なし,社員,発行可
5000000,ローンの残があるが現状遅延なく支払われている ,58,配偶者なし,社員,発行可
8000000,ローンの残があるが現状遅延なく支払われている ,58,配偶者なし,パート,発行可
100000,ローンの残があるが現状遅延なく支払われている ,58,配偶者なし,管理者/役員,発行不可
10000000,ローンの残があるが現状遅延なく支払われている ,58,配偶者なし,管理者/役員,発行可
3000000,ローンの残があるが現状遅延なく支払われている ,58,配偶者なし,パート,発行不可
4000000,ローンの残があるが現状遅延なく支払われている ,58,配偶者なし,パート,発行不可
4000000,ローンの残があるが現状遅延なく支払われている ,58,配偶者なし,社員,発行不可
500000,ローンの残があるが現状遅延なく支払われている ,58,配偶者なし,社員,発行不可
8000000,ローンの残があるが現状遅延なく支払われている ,58,配偶者なし,パート,発行不可
500000,危険人物 / 他のクレジットローンが存在している (この銀行以外で),58,配偶者なし,社員,発行不可
10000000,クレジットローン履歴無し / 全てのクレジットローンは延滞無く完済,59,配偶者なし,社員,発行可
12000000,クレジットローン履歴無し / 全てのクレジットローンは延滞無く完済,59,配偶者なし,社員,発行可
5000000,この銀行のクレジットローンは全て完済,59,配偶者なし,社員,発行可
10000000,この銀行のクレジットローンは全て完済,59,配偶者なし,社員,発行可
15000000,この銀行のクレジットローンは全て完済,59,配偶者なし,パート,発行可
15000000,この銀行のクレジットローンは全て完済,59,配偶者なし,パート,発行可
15000000,この銀行のクレジットローンは全て完済,59,配偶者なし,管理者/役員,発行可
20000000,この銀行のクレジットローンは全て完済,59,配偶者なし,パート,発行可
3000000,ローンの残があるが現状遅延なく支払われている ,59,配偶者なし,社員,発行可
5000000,ローンの残があるが現状遅延なく支払われている ,59,配偶者なし,社員,発行可
3000000,ローンの残があるが現状遅延なく支払われている ,59,配偶者なし,社員,発行不可
4000000,ローンの残があるが現状遅延なく支払われている ,59,配偶者なし,社員,発行不可
0,過去に遅延あり,59,配偶者なし,社員,発行不可
5000000,クレジットローン履歴無し / 全てのクレジットローンは延滞無く完済,60,配偶者なし,社員,発行可
12000000,クレジットローン履歴無し / 全てのクレジットローンは延滞無く完済,60,配偶者なし,社員,発行可
5000000,この銀行のクレジットローンは全て完済,60,配偶者なし,社員,発行可
3000000,この銀行のクレジットローンは全て完済,60,配偶者なし,パート,発行不可
10000000,この銀行のクレジットローンは全て完済,60,配偶者なし,社員,発行可
15000000,この銀行のクレジットローンは全て完済,60,配偶者なし,社員,発行可
3000000,ローンの残があるが現状遅延なく支払われている ,60,配偶者なし,パート,発行可
10000000,ローンの残があるが現状遅延なく支払われている ,60,配偶者なし,社員,発行可
10000000,ローンの残があるが現状遅延なく支払われている ,60,配偶者なし,社員,発行可
0,ローンの残があるが現状遅延なく支払われている ,60,配偶者なし,管理者/役員,発行不可
500000,ローンの残があるが現状遅延なく支払われている ,60,配偶者なし,管理者/役員,発行不可
4000000,ローンの残があるが現状遅延なく支払われている ,60,配偶者なし,社員,発行不可
500000,ローンの残があるが現状遅延なく支払われている ,60,配偶者なし,パート,発行不可
5000000,過去に遅延あり,60,配偶者なし,パート,発行可
100000,過去に遅延あり,60,配偶者なし,社員,発行不可
0,過去に遅延あり,60,配偶者なし,社員,発行不可
3000000,過去に遅延あり,60,配偶者なし,社員,発行不可
100000,危険人物 / 他のクレジットローンが存在している (この銀行以外で),60,配偶者なし,管理者/役員,発行不可
4000000,危険人物 / 他のクレジットローンが存在している (この銀行以外で),60,配偶者なし,社員,発行不可
5000000,クレジットローン履歴無し / 全てのクレジットローンは延滞無く完済,61,配偶者なし,社員,発行可
12000000,クレジットローン履歴無し / 全てのクレジットローンは延滞無く完済,61,配偶者なし,パート,発行可
1000000,この銀行のクレジットローンは全て完済,61,配偶者なし,管理者/役員,発行不可
20000000,この銀行のクレジットローンは全て完済,61,配偶者なし,パート,発行可
3000000,ローンの残があるが現状遅延なく支払われている ,61,配偶者なし,社員,発行不可
500000,ローンの残があるが現状遅延なく支払われている ,61,配偶者なし,社員,発行不可
900000,ローンの残があるが現状遅延なく支払われている ,61,配偶者なし,社員,発行不可
5000000,過去に遅延あり,61,配偶者なし,社員,発行可
0,過去に遅延あり,61,配偶者なし,パート,発行不可
500000,過去に遅延あり,61,配偶者なし,パート,発行不可
12000000,クレジットローン履歴無し / 全てのクレジットローンは延滞無く完済,62,配偶者なし,社員,発行可
20000000,クレジットローン履歴無し / 全てのクレジットローンは延滞無く完済,62,配偶者なし,管理者/役員,発行可
0,この銀行のクレジットローンは全て完済,62,配偶者なし,社員,発行不可
20000000,この銀行のクレジットローンは全て完済,62,配偶者なし,社員,発行可
3000000,ローンの残があるが現状遅延なく支払われている ,62,配偶者なし,パート,発行可
10000000,ローンの残があるが現状遅延なく支払われている ,62,配偶者なし,社員,発行可
10000000,ローンの残があるが現状遅延なく支払われている ,62,配偶者なし,パート,発行可
4000000,ローンの残があるが現状遅延なく支払われている ,62,配偶者なし,社員,発行不可
0,ローンの残があるが現状遅延なく支払われている ,62,配偶者なし,無職,発行不可
0,ローンの残があるが現状遅延なく支払われている ,62,配偶者なし,社員,発行不可
4000000,ローンの残があるが現状遅延なく支払われている ,62,配偶者なし,社員,発行不可
4000000,ローンの残があるが現状遅延なく支払われている ,62,配偶者なし,社員,発行不可
4000000,ローンの残があるが現状遅延なく支払われている ,62,配偶者なし,社員,発行不可
4000000,ローンの残があるが現状遅延なく支払われている ,62,配偶者なし,管理者/役員,発行不可
5000000,過去に遅延あり,62,配偶者なし,社員,発行可
500000,危険人物 / 他のクレジットローンが存在している (この銀行以外で),62,配偶者なし,社員,発行不可
8000000,クレジットローン履歴無し / 全てのクレジットローンは延滞無く完済,63,配偶者なし,社員,発行可
12000000,クレジットローン履歴無し / 全てのクレジットローンは延滞無く完済,63,配偶者なし,社員,発行可
20000000,クレジットローン履歴無し / 全てのクレジットローンは延滞無く完済,63,配偶者なし,社員,発行可
15000000,この銀行のクレジットローンは全て完済,63,配偶者なし,パート,発行可
15000000,この銀行のクレジットローンは全て完済,63,配偶者なし,社員,発行可
8000000,ローンの残があるが現状遅延なく支払われている ,63,配偶者なし,管理者/役員,発行可
10000000,ローンの残があるが現状遅延なく支払われている ,63,配偶者なし,社員,発行可
10000000,ローンの残があるが現状遅延なく支払われている ,63,配偶者なし,社員,発行可
0,ローンの残があるが現状遅延なく支払われている ,63,配偶者なし,社員,発行不可
500000,ローンの残があるが現状遅延なく支払われている ,63,配偶者なし,社員,発行不可
500000,ローンの残があるが現状遅延なく支払われている ,63,配偶者なし,管理者/役員,発行不可
4000000,ローンの残があるが現状遅延なく支払われている ,63,配偶者なし,社員,発行不可
10000000,過去に遅延あり,63,配偶者なし,社員,発行可
100000,危険人物 / 他のクレジットローンが存在している (この銀行以外で),63,配偶者なし,社員,発行不可
4000000,危険人物 / 他のクレジットローンが存在している (この銀行以外で),63,配偶者なし,管理者/役員,発行不可
5000000,クレジットローン履歴無し / 全てのクレジットローンは延滞無く完済,64,配偶者なし,社員,発行可
0,ローンの残があるが現状遅延なく支払われている ,64,配偶者なし,社員,発行不可
10000000,ローンの残があるが現状遅延なく支払われている ,64,配偶者なし,社員,発行可
3000000,ローンの残があるが現状遅延なく支払われている ,64,配偶者なし,管理者/役員,発行不可
0,ローンの残があるが現状遅延なく支払われている ,64,配偶者なし,パート,発行不可
500000,ローンの残があるが現状遅延なく支払われている ,64,配偶者なし,社員,発行不可
4000000,ローンの残があるが現状遅延なく支払われている ,64,配偶者なし,社員,発行不可
900000,ローンの残があるが現状遅延なく支払われている ,64,配偶者なし,パート,発行不可
500000,過去に遅延あり,64,配偶者なし,社員,発行不可
3000000,危険人物 / 他のクレジットローンが存在している (この銀行以外で),64,配偶者なし,パート,発行不可
900000,危険人物 / 他のクレジットローンが存在している (この銀行以外で),64,配偶者なし,社員,発行不可
12000000,クレジットローン履歴無し / 全てのクレジットローンは延滞無く完済,65,配偶者なし,社員,発行可
20000000,クレジットローン履歴無し / 全てのクレジットローンは延滞無く完済,65,配偶者なし,社員,発行可
500000,この銀行のクレジットローンは全て完済,65,配偶者なし,社員,発行不可
10000000,この銀行のクレジットローンは全て完済,65,配偶者なし,社員,発行可
10000000,この銀行のクレジットローンは全て完済,65,配偶者なし,社員,発行可
8000000,ローンの残があるが現状遅延なく支払われている ,65,配偶者なし,パート,発行可
8000000,ローンの残があるが現状遅延なく支払われている ,65,配偶者なし,社員,発行可
0,ローンの残があるが現状遅延なく支払われている ,65,配偶者なし,社員,発行不可
0,ローンの残があるが現状遅延なく支払われている ,65,配偶者なし,社員,発行不可
0,ローンの残があるが現状遅延なく支払われている ,65,配偶者なし,社員,発行不可
0,ローンの残があるが現状遅延なく支払われている ,65,配偶者なし,社員,発行不可
500000,ローンの残があるが現状遅延なく支払われている ,65,配偶者なし,パート,発行不可
4000000,ローンの残があるが現状遅延なく支払われている ,65,配偶者なし,社員,発行不可
100000,過去に遅延あり,65,配偶者なし,管理者/役員,発行不可
3000000,危険人物 / 他のクレジットローンが存在している (この銀行以外で),65,配偶者なし,管理者/役員,発行不可
900000,危険人物 / 他のクレジットローンが存在している (この銀行以外で),65,配偶者なし,パート,発行不可
5000000,クレジットローン履歴無し / 全てのクレジットローンは延滞無く完済,66,配偶者なし,社員,発行可
3000000,ローンの残があるが現状遅延なく支払われている ,66,配偶者なし,管理者/役員,発行可
8000000,ローンの残があるが現状遅延なく支払われている ,66,配偶者なし,管理者/役員,発行可
0,ローンの残があるが現状遅延なく支払われている ,66,配偶者なし,社員,発行不可
10000000,ローンの残があるが現状遅延なく支払われている ,66,配偶者なし,社員,発行可
10000000,ローンの残があるが現状遅延なく支払われている ,66,配偶者なし,管理者/役員,発行可
0,ローンの残があるが現状遅延なく支払われている ,66,配偶者なし,社員,発行不可
8000000,ローンの残があるが現状遅延なく支払われている ,66,配偶者なし,パート,発行不可
8000000,ローンの残があるが現状遅延なく支払われている ,66,配偶者なし,パート,発行不可
500000,ローンの残があるが現状遅延なく支払われている ,66,配偶者なし,社員,発行不可
4000000,ローンの残があるが現状遅延なく支払われている ,66,配偶者なし,パート,発行不可
100000,危険人物 / 他のクレジットローンが存在している (この銀行以外で),66,配偶者なし,管理者/役員,発行不可
8000000,クレジットローン履歴無し / 全てのクレジットローンは延滞無く完済,67,配偶者なし,管理者/役員,発行可
12000000,クレジットローン履歴無し / 全てのクレジットローンは延滞無く完済,67,配偶者なし,社員,発行可
15000000,この銀行のクレジットローンは全て完済,67,配偶者なし,社員,発行可
15000000,この銀行のクレジットローンは全て完済,67,配偶者なし,社員,発行可
10000000,ローンの残があるが現状遅延なく支払われている ,67,配偶者なし,社員,発行可
10000000,ローンの残があるが現状遅延なく支払われている ,67,配偶者なし,社員,発行可
500000,ローンの残があるが現状遅延なく支払われている ,67,配偶者なし,社員,発行不可
4000000,ローンの残があるが現状遅延なく支払われている ,67,配偶者なし,社員,発行不可
3000000,過去に遅延あり,67,配偶者なし,管理者/役員,発行不可
0,危険人物 / 他のクレジットローンが存在している (この銀行以外で),67,配偶者なし,社員,発行不可
5000000,クレジットローン履歴無し / 全てのクレジットローンは延滞無く完済,68,配偶者なし,社員,発行可
8000000,クレジットローン履歴無し / 全てのクレジットローンは延滞無く完済,68,配偶者なし,社員,発行可
20000000,クレジットローン履歴無し / 全てのクレジットローンは延滞無く完済,68,配偶者なし,社員,発行可
15000000,この銀行のクレジットローンは全て完済,68,配偶者なし,パート,発行可
3000000,ローンの残があるが現状遅延なく支払われている ,68,配偶者なし,社員,発行可
10000000,ローンの残があるが現状遅延なく支払われている ,68,配偶者なし,社員,発行可
0,ローンの残があるが現状遅延なく支払われている ,68,配偶者なし,社員,発行不可
3000000,ローンの残があるが現状遅延なく支払われている ,68,配偶者なし,管理者/役員,発行不可
0,ローンの残があるが現状遅延なく支払われている ,68,配偶者なし,社員,発行不可
4000000,ローンの残があるが現状遅延なく支払われている ,68,配偶者なし,社員,発行不可
500000,ローンの残があるが現状遅延なく支払われている ,68,配偶者なし,社員,発行不可
500000,ローンの残があるが現状遅延なく支払われている ,68,配偶者なし,社員,発行不可
500000,ローンの残があるが現状遅延なく支払われている ,68,配偶者なし,社員,発行不可
500000,ローンの残があるが現状遅延なく支払われている ,68,配偶者なし,パート,発行不可
4000000,ローンの残があるが現状遅延なく支払われている ,68,配偶者なし,管理者/役員,発行不可
0,危険人物 / 他のクレジットローンが存在している (この銀行以外で),68,配偶者なし,パート,発行不可
3000000,危険人物 / 他のクレジットローンが存在している (この銀行以外で),68,配偶者なし,管理者/役員,発行不可
8000000,クレジットローン履歴無し / 全てのクレジットローンは延滞無く完済,69,配偶者なし,社員,発行可
12000000,クレジットローン履歴無し / 全てのクレジットローンは延滞無く完済,69,配偶者なし,社員,発行可
5000000,この銀行のクレジットローンは全て完済,69,配偶者なし,社員,発行可
0,この銀行のクレジットローンは全て完済,69,配偶者なし,パート,発行不可
15000000,この銀行のクレジットローンは全て完済,69,配偶者なし,パート,発行可
3000000,ローンの残があるが現状遅延なく支払われている ,69,配偶者なし,社員,発行可
10000000,ローンの残があるが現状遅延なく支払われている ,69,配偶者なし,社員,発行可
10000000,ローンの残があるが現状遅延なく支払われている ,69,配偶者なし,管理者/役員,発行可
500000,ローンの残があるが現状遅延なく支払われている ,69,配偶者なし,社員,発行不可
900000,ローンの残があるが現状遅延なく支払われている ,69,配偶者なし,社員,発行不可
20000000,ローンの残があるが現状遅延なく支払われている ,69,配偶者なし,社員,発行可
5000000,クレジットローン履歴無し / 全てのクレジットローンは延滞無く完済,70,配偶者なし,社員,発行可
8000000,クレジットローン履歴無し / 全てのクレジットローンは延滞無く完済,70,配偶者なし,社員,発行可
3000000,この銀行のクレジットローンは全て完済,70,配偶者なし,社員,発行不可
15000000,この銀行のクレジットローンは全て完済,70,配偶者なし,社員,発行可
10000000,ローンの残があるが現状遅延なく支払われている ,70,配偶者なし,社員,発行可
10000000,ローンの残があるが現状遅延なく支払われている ,70,配偶者なし,社員,発行可
0,ローンの残があるが現状遅延なく支払われている ,70,配偶者なし,社員,発行不可
500000,ローンの残があるが現状遅延なく支払われている ,70,配偶者なし,社員,発行不可
500000,ローンの残があるが現状遅延なく支払われている ,70,配偶者なし,社員,発行不可
4000000,ローンの残があるが現状遅延なく支払われている ,70,配偶者なし,社員,発行不可
4000000,ローンの残があるが現状遅延なく支払われている ,70,配偶者なし,社員,発行不可
10000000,過去に遅延あり,70,配偶者なし,社員,発行可
8000000,危険人物 / 他のクレジットローンが存在している (この銀行以外で),70,配偶者なし,社員,発行不可
